customerEmail,amount,date
user286@example.com,12688,2025-12-31
user417@example.com,8271,2025-08-08
user244@example.com,649,2026-05-25
user40@example.com,13675,2026-04-14
user142@example.com,10754,2025-10-27
user386@example.com,13427,2026-05-23
user449@example.com,13014,2025-08-11
user427@example.com,19953,2026-01-06
user499@example.com,11265,2025-07-16
user394@example.com,7513,2025-06-29
user332@example.com,4026,2025-05-05
user35@example.com,14387,2026-03-19
user252@example.com,1118,2025-01-18
user43@example.com,4483,2026-02-16
user270@example.com,14045,2025-07-01
user182@example.com,18275,2025-10-22
user80@example.com,9065,2026-02-26
user402@example.com,7395,2026-03-05
user202@example.com,8048,2025-09-04
user70@example.com,16050,2026-01-17
user203@example.com,14767,2025-10-19
user336@example.com,7083,2025-02-17
user326@example.com,19412,2025-01-02
user108@example.com,2356,2025-07-01
user251@example.com,2789,2026-05-18
user115@example.com,6103,2025-02-02
user200@example.com,16247,2025-09-07
user317@example.com,14662,2025-08-27
user127@example.com,19522,2025-08-15
user236@example.com,12996,2025-05-30
user474@example.com,12893,2025-01-28
user194@example.com,12646,2025-11-06
user498@example.com,4432,2025-08-31
user173@example.com,15140,2026-01-04
user158@example.com,18573,2026-03-24
user406@example.com,14494,2026-05-19
user465@example.com,2672,2025-02-20
user337@example.com,15766,2025-05-30
user184@example.com,5659,2025-02-05
user194@example.com,9186,2025-05-17
user264@example.com,7503,2025-06-16
user232@example.com,1278,2026-04-11
user495@example.com,19841,2025-07-10
user118@example.com,5048,2025-08-29
user336@example.com,16290,2025-06-24
user141@example.com,7353,2024-12-15
user164@example.com,1074,2026-04-06
user115@example.com,12822,2026-01-10
user383@example.com,4003,2026-02-16
user394@example.com,18910,2025-03-12
user282@example.com,12247,2026-01-23
user155@example.com,12295,2026-03-20
user433@example.com,3172,2025-05-12
user431@example.com,5113,2026-04-23
user42@example.com,2831,2024-12-20
user424@example.com,16622,2025-06-29
user103@example.com,3994,2025-12-29
user279@example.com,17196,2025-05-12
user351@example.com,14972,2025-09-22
user381@example.com,9564,2026-02-04
user137@example.com,17271,2025-05-12
user329@example.com,15652,2025-09-18
user178@example.com,10887,2025-09-22
user56@example.com,8599,2025-08-27
user101@example.com,15754,2024-12-16
user130@example.com,18805,2025-06-30
user93@example.com,6763,2025-03-16
user271@example.com,5673,2026-02-08
user66@example.com,3991,2025-08-25
user169@example.com,9601,2025-10-22
user174@example.com,15364,2025-12-06
user451@example.com,5495,2025-11-30
user200@example.com,18244,2025-06-09
user197@example.com,6246,2025-05-04
user445@example.com,10597,2025-03-19
user90@example.com,6506,2025-06-23
user428@example.com,18492,2026-03-11
user230@example.com,1042,2026-06-06
user65@example.com,12236,2026-01-23
user296@example.com,11358,2026-06-07
user255@example.com,15159,2025-06-22
user13@example.com,18356,2025-07-27
user1@example.com,13995,2024-12-20
user278@example.com,4776,2025-04-22
user73@example.com,1302,2026-04-12
user29@example.com,8631,2025-06-22
user179@example.com,10979,2025-04-21
user105@example.com,4720,2025-12-04
user202@example.com,15152,2026-02-09
user121@example.com,3904,2025-01-28
user54@example.com,13724,2026-01-21
user488@example.com,16797,2025-02-28
user290@example.com,11753,2025-12-01
user149@example.com,16222,2025-11-05
user372@example.com,5176,2025-12-25
user237@example.com,4975,2025-12-02
user172@example.com,10057,2025-03-04
user448@example.com,12736,2026-05-12
user278@example.com,10692,2025-08-15
user322@example.com,16458,2026-04-05
user255@example.com,2450,2025-09-27
user448@example.com,9133,2025-01-17
user250@example.com,8770,2025-05-14
user309@example.com,14210,2025-11-14
user259@example.com,12432,2025-05-17
user384@example.com,12623,2026-01-12
user29@example.com,8254,2025-06-29
user80@example.com,7169,2025-06-27
user360@example.com,6891,2026-04-22
user253@example.com,15380,2026-01-14
user6@example.com,9749,2025-05-01
user112@example.com,2513,2025-04-07
user352@example.com,5527,2025-03-05
user179@example.com,15636,2025-07-25
user23@example.com,14682,2026-05-22
user362@example.com,15104,2024-12-31
user208@example.com,18910,2025-10-28
user275@example.com,5939,2025-12-09
user235@example.com,12136,2025-03-08
user293@example.com,14955,2025-04-09
user456@example.com,3267,2025-08-21
user194@example.com,8218,2025-08-04
user201@example.com,7813,2026-02-05
user365@example.com,7292,2025-06-19
user349@example.com,1934,2025-04-18
user85@example.com,18289,2026-03-01
user23@example.com,15523,2025-07-29
user127@example.com,5204,2025-11-03
user72@example.com,13240,2025-03-27
user126@example.com,1621,2026-05-14
user473@example.com,2724,2025-09-17
user382@example.com,5828,2025-08-30
user277@example.com,19562,2025-05-13
user474@example.com,18116,2025-06-21
user151@example.com,9305,2025-08-07
user255@example.com,19929,2025-02-02
user220@example.com,6049,2025-07-28
user8@example.com,19114,2026-02-06
user66@example.com,568,2026-03-16
user440@example.com,3675,2024-12-13
user132@example.com,12123,2025-04-22
user219@example.com,7331,2025-01-25
user187@example.com,18284,2026-01-19
user30@example.com,8168,2026-04-08
user182@example.com,8447,2025-12-17
user47@example.com,2232,2025-01-09
user497@example.com,9569,2025-04-25
user384@example.com,9965,2026-01-01
user439@example.com,6414,2025-03-25
user2@example.com,2504,2025-01-21
user93@example.com,18098,2026-03-22
user347@example.com,1756,2025-10-18
user466@example.com,2940,2025-06-13
user376@example.com,1166,2025-06-01
user39@example.com,14453,2025-06-09
user83@example.com,14421,2026-01-15
user52@example.com,16853,2025-06-12
user152@example.com,13066,2026-05-25
user125@example.com,13247,2026-05-17
user294@example.com,14395,2025-06-16
user262@example.com,5038,2025-10-06
user382@example.com,2326,2025-08-04
user270@example.com,10503,2026-01-09
user426@example.com,10173,2025-01-06
user171@example.com,16165,2026-04-11
user85@example.com,5728,2025-09-27
user293@example.com,13657,2025-08-22
user46@example.com,16850,2025-08-03
user220@example.com,2406,2025-08-02
user227@example.com,18036,2025-07-09
user100@example.com,14862,2026-03-20
user484@example.com,16455,2025-08-10
user483@example.com,7481,2024-12-13
user197@example.com,17390,2025-12-20
user153@example.com,17535,2025-08-21
user141@example.com,11260,2025-05-23
user53@example.com,9129,2025-11-02
user11@example.com,2203,2025-07-05
user6@example.com,579,2025-11-01
user461@example.com,10925,2024-12-19
user304@example.com,10127,2025-03-03
user296@example.com,14399,2025-07-09
user78@example.com,6360,2025-11-18
user148@example.com,3477,2025-09-26
user429@example.com,17503,2025-01-31
user292@example.com,6191,2025-11-09
user222@example.com,19157,2025-09-22
user7@example.com,16380,2025-02-25
user35@example.com,16933,2026-04-04
user56@example.com,5606,2026-01-03
user243@example.com,1757,2025-08-15
user191@example.com,18606,2026-01-11
user168@example.com,19635,2025-11-19
user354@example.com,6058,2025-10-27
user225@example.com,5935,2026-03-11
user371@example.com,11039,2026-03-02
user119@example.com,16037,2025-06-20
user426@example.com,10490,2024-12-11
user89@example.com,2207,2025-11-21
user395@example.com,14810,2025-11-17
user93@example.com,1023,2025-09-07
user341@example.com,1026,2026-02-04
user429@example.com,8215,2026-05-24
user129@example.com,10555,2025-10-26
user67@example.com,8884,2025-09-28
user75@example.com,16419,2026-05-31
user181@example.com,4410,2024-12-27
user400@example.com,17396,2025-04-21
user237@example.com,6605,2025-02-02
user311@example.com,11179,2025-04-21
user416@example.com,11600,2025-10-30
user247@example.com,882,2025-04-28
user87@example.com,2377,2025-03-22
user8@example.com,19853,2026-05-13
user66@example.com,1613,2025-02-17
user268@example.com,2641,2026-03-23
user381@example.com,11225,2025-09-23
user120@example.com,16627,2025-08-07
user36@example.com,12335,2025-02-12
user465@example.com,14287,2025-07-02
user293@example.com,16787,2025-05-03
user480@example.com,18918,2026-03-19
user169@example.com,4215,2025-10-24
user383@example.com,19362,2025-11-15
user304@example.com,18177,2025-05-28
user229@example.com,2675,2026-05-03
user110@example.com,18486,2026-01-19
user375@example.com,16018,2025-06-05
user69@example.com,11271,2025-06-13
user97@example.com,18579,2025-03-15
user209@example.com,15257,2025-03-27
user380@example.com,15330,2025-05-21
user393@example.com,4381,2025-03-17
user168@example.com,18422,2024-12-16
user22@example.com,12259,2025-09-20
user344@example.com,18390,2025-03-12
user444@example.com,17211,2025-01-04
user48@example.com,3593,2025-11-10
user335@example.com,12154,2025-08-04
user77@example.com,19963,2026-06-06
user480@example.com,10636,2025-04-10
user29@example.com,18928,2025-04-28
user68@example.com,9771,2025-08-09
user366@example.com,15876,2025-08-05
user335@example.com,4789,2026-03-15
user335@example.com,10285,2025-07-20
user385@example.com,2184,2025-04-15
user433@example.com,10947,2025-10-30
user361@example.com,17400,2025-05-11
user341@example.com,1566,2026-03-31
user318@example.com,5037,2025-01-31
user205@example.com,5914,2026-04-03
user387@example.com,1092,2025-05-19
user266@example.com,7383,2025-11-23
user436@example.com,9895,2025-11-17
user191@example.com,14022,2025-03-27
user210@example.com,1303,2026-05-08
user277@example.com,3348,2026-02-15
user354@example.com,12108,2025-04-02
user455@example.com,5924,2025-10-08
user164@example.com,17069,2025-05-20
user52@example.com,17879,2025-06-26
user252@example.com,4807,2025-01-02
user265@example.com,19151,2026-01-03
user1@example.com,17770,2025-04-07
user170@example.com,15230,2026-04-19
user56@example.com,8042,2026-05-12
user231@example.com,14745,2026-01-28
user75@example.com,13421,2025-04-27
user426@example.com,18376,2025-07-25
user171@example.com,6207,2026-04-04
user237@example.com,7926,2026-01-20
user61@example.com,16172,2025-05-12
user377@example.com,13415,2025-01-01
user406@example.com,7561,2025-11-15
user292@example.com,19582,2025-09-12
user494@example.com,18441,2025-12-19
user410@example.com,1224,2026-02-11
user404@example.com,3494,2025-11-21
user233@example.com,16699,2025-10-22
user269@example.com,6347,2026-04-02
user475@example.com,4821,2025-11-23
user199@example.com,4147,2026-02-11
user372@example.com,11391,2024-12-23
user309@example.com,4871,2025-02-28
user400@example.com,2272,2025-07-28
user225@example.com,1611,2026-01-07
user124@example.com,14368,2026-02-02
user228@example.com,3538,2026-04-14
user66@example.com,8663,2026-02-19
user444@example.com,1940,2025-01-13
user244@example.com,3432,2026-02-21
user232@example.com,4166,2026-05-20
user94@example.com,2774,2025-02-14
user49@example.com,16434,2024-12-18
user399@example.com,8609,2026-03-09
user36@example.com,4649,2026-01-17
user444@example.com,13279,2025-06-08
user288@example.com,9648,2025-03-09
user6@example.com,18369,2025-06-08
user453@example.com,961,2025-07-05
user73@example.com,6603,2026-02-01
user53@example.com,6852,2026-03-10
user450@example.com,10913,2025-01-02
user224@example.com,635,2025-10-27
user189@example.com,17650,2026-01-10
user381@example.com,1868,2025-05-28
user205@example.com,17290,2025-11-19
user200@example.com,995,2024-12-16
user347@example.com,8752,2026-06-08
user268@example.com,11476,2026-01-18
user60@example.com,13850,2025-01-22
user162@example.com,2630,2025-07-26
user123@example.com,16999,2025-09-11
user362@example.com,13611,2025-06-08
user269@example.com,5512,2025-06-23
user411@example.com,5550,2026-04-29
user445@example.com,6269,2026-05-03
user308@example.com,5257,2025-12-24
user149@example.com,15916,2025-04-26
user61@example.com,10182,2026-02-10
user368@example.com,5130,2026-01-19
user294@example.com,7952,2025-07-23
user122@example.com,4754,2025-07-29
user249@example.com,4139,2025-10-03
user467@example.com,3383,2025-07-29
user264@example.com,10840,2025-12-05
user446@example.com,17186,2025-04-08
user33@example.com,9488,2025-01-01
user371@example.com,7076,2026-01-14
user281@example.com,4999,2025-02-14
user404@example.com,8664,2025-01-07
user435@example.com,1985,2026-04-14
user240@example.com,15984,2025-01-12
user155@example.com,3932,2025-08-06
user417@example.com,4313,2026-02-26
user318@example.com,851,2026-02-12
user318@example.com,5320,2025-04-13
user69@example.com,18347,2025-07-11
user485@example.com,18896,2025-05-31
user364@example.com,11024,2024-12-20
user271@example.com,3419,2026-04-19
user210@example.com,11752,2025-09-07
user27@example.com,2900,2025-11-26
user478@example.com,3588,2024-12-23
user55@example.com,2599,2025-08-10
user433@example.com,14253,2025-11-23
user119@example.com,15661,2025-03-04
user494@example.com,17836,2026-05-10
user208@example.com,19330,2025-12-07
user89@example.com,1381,2025-05-21
user301@example.com,8590,2025-02-07
user1@example.com,1784,2025-01-15
user13@example.com,5942,2026-04-02
user436@example.com,17870,2025-07-07
user6@example.com,15900,2024-12-09
user172@example.com,11879,2026-03-19
user67@example.com,8859,2025-11-15
user26@example.com,17312,2025-12-08
user226@example.com,16644,2026-05-30
user314@example.com,12148,2025-09-19
user487@example.com,7208,2025-01-14
user328@example.com,3804,2024-12-10
user325@example.com,12327,2026-02-11
user350@example.com,7139,2025-07-09
user231@example.com,10543,2025-09-27
user253@example.com,13185,2025-04-14
user54@example.com,11869,2025-07-06
user209@example.com,17885,2026-03-11
user256@example.com,9641,2026-01-16
user162@example.com,18477,2026-04-25
user264@example.com,7438,2025-07-24
user298@example.com,7506,2025-10-11
user409@example.com,9241,2025-08-02
user131@example.com,5474,2025-06-03
user484@example.com,4923,2025-10-25
user338@example.com,14035,2025-01-03
user14@example.com,13744,2025-06-18
user189@example.com,1660,2025-05-16
user387@example.com,1249,2025-10-29
user71@example.com,3426,2025-07-25
user276@example.com,4994,2025-09-09
user400@example.com,15326,2025-04-14
user467@example.com,19425,2025-04-11
user299@example.com,6443,2025-04-28
user295@example.com,6524,2025-09-16
user486@example.com,9323,2025-03-14
user171@example.com,18684,2026-01-10
user369@example.com,11063,2025-12-06
user96@example.com,16356,2025-04-23
user324@example.com,7815,2025-08-03
user101@example.com,9742,2025-07-01
user178@example.com,16886,2025-12-21
user399@example.com,5034,2025-02-20
user52@example.com,2416,2026-05-23
user302@example.com,4645,2025-09-12
user177@example.com,10780,2026-06-02
user188@example.com,13010,2026-05-11
user290@example.com,7793,2025-07-29
user446@example.com,1551,2025-09-15
user307@example.com,11679,2025-03-20
user71@example.com,1161,2025-04-01
user273@example.com,8898,2026-01-21
user194@example.com,8758,2025-07-28
user399@example.com,16659,2025-10-18
user210@example.com,7586,2025-10-12
user55@example.com,3533,2025-04-05
user412@example.com,10359,2025-10-12
user302@example.com,11425,2025-05-16
user133@example.com,6740,2025-02-18
user251@example.com,1993,2025-03-27
user136@example.com,2163,2025-01-21
user64@example.com,8683,2025-09-27
user234@example.com,1964,2025-05-28
user130@example.com,3808,2026-05-19
user453@example.com,15944,2026-05-02
user189@example.com,2591,2026-02-27
user338@example.com,9711,2026-04-01
user276@example.com,3650,2025-12-17
user66@example.com,14810,2025-07-13
user148@example.com,17928,2024-12-30
user107@example.com,8092,2025-11-19
user145@example.com,17400,2025-04-11
user29@example.com,9924,2024-12-28
user431@example.com,18893,2025-10-21
user179@example.com,10083,2025-04-06
user263@example.com,18419,2026-03-11
user181@example.com,8830,2024-12-10
user281@example.com,16389,2025-10-07
user34@example.com,16705,2025-08-19
user423@example.com,13827,2024-12-29
user274@example.com,19394,2026-02-19
user9@example.com,9863,2025-01-28
user452@example.com,12712,2025-03-19
user444@example.com,14231,2026-05-16
user36@example.com,8841,2025-08-02
user57@example.com,15953,2026-01-14
user230@example.com,19174,2026-04-23
user448@example.com,2634,2025-05-18
user370@example.com,5456,2026-05-21
user394@example.com,12395,2025-09-16
user135@example.com,6839,2025-06-15
user485@example.com,7523,2025-04-25
user4@example.com,13830,2025-03-29
user17@example.com,13480,2025-12-21
user29@example.com,6323,2025-01-22
user176@example.com,16295,2026-03-06
user54@example.com,19819,2025-09-15
user310@example.com,5621,2026-05-22
user149@example.com,14898,2025-03-24
user395@example.com,19301,2026-03-08
user492@example.com,4697,2025-08-22
user240@example.com,13036,2025-10-21
user339@example.com,17730,2025-02-15
user379@example.com,12690,2026-05-07
user311@example.com,6483,2025-06-26
user173@example.com,10526,2025-06-24
user221@example.com,16645,2025-02-01
user467@example.com,1857,2025-02-02
user242@example.com,4230,2026-03-27
user120@example.com,11347,2025-07-08
user191@example.com,4210,2026-03-09
user122@example.com,2883,2026-01-25
user166@example.com,16778,2026-01-11
user199@example.com,10376,2024-12-24
user472@example.com,9588,2026-06-08
user80@example.com,2235,2025-03-21
user243@example.com,7534,2025-09-16
user296@example.com,7322,2025-01-21
user412@example.com,9693,2025-08-28
user77@example.com,7698,2025-04-20
user128@example.com,7871,2026-03-07
user369@example.com,872,2025-02-02
user256@example.com,14572,2026-03-28
user24@example.com,3055,2025-07-25
user247@example.com,16201,2025-04-23
user257@example.com,3152,2025-04-14
user4@example.com,4652,2025-04-30
user240@example.com,13289,2025-04-10
user386@example.com,14992,2026-03-21
user253@example.com,15848,2025-12-10
user431@example.com,2482,2026-04-15
user346@example.com,10668,2025-08-29
user13@example.com,7260,2025-12-24
user342@example.com,13722,2026-03-29
user420@example.com,2360,2025-02-16
user411@example.com,17307,2026-04-23
user347@example.com,11990,2025-09-14
user467@example.com,9591,2025-10-11
user288@example.com,18340,2025-05-13
user157@example.com,2968,2025-07-12
user160@example.com,9175,2025-04-30
user266@example.com,11855,2025-02-26
user303@example.com,9335,2025-05-31
user201@example.com,5569,2026-02-09
user307@example.com,10384,2025-05-13
user179@example.com,1500,2025-06-18
user500@example.com,9908,2025-12-24
user426@example.com,2227,2025-12-05
user18@example.com,8541,2026-02-23
user324@example.com,17757,2025-01-20
user163@example.com,3697,2025-09-05
user202@example.com,17156,2025-09-21
user208@example.com,5414,2025-04-01
user265@example.com,15569,2025-10-18
user364@example.com,5306,2025-11-01
user175@example.com,1950,2025-01-22
user307@example.com,18889,2026-01-27
user470@example.com,1791,2025-06-03
user65@example.com,3061,2025-08-31
user417@example.com,13506,2025-09-13
user179@example.com,17857,2025-03-27
user183@example.com,15593,2025-09-05
user263@example.com,9657,2025-09-22
user207@example.com,6979,2025-05-06
user24@example.com,7001,2025-08-20
user316@example.com,12020,2025-04-15
user264@example.com,17983,2026-05-22
user399@example.com,4212,2025-02-11
user276@example.com,9875,2025-04-30
user286@example.com,1727,2025-05-11
user386@example.com,16250,2025-01-04
user482@example.com,2505,2025-07-26
user68@example.com,18010,2025-08-16
user253@example.com,9852,2025-03-11
user93@example.com,8161,2025-08-14
user143@example.com,10318,2025-11-09
user462@example.com,1778,2025-05-16
user288@example.com,11003,2025-07-26
user365@example.com,14801,2026-01-31
user66@example.com,13828,2025-01-01
user9@example.com,13561,2026-03-13
user123@example.com,14021,2026-05-21
user386@example.com,2531,2025-02-06
user195@example.com,1014,2025-01-07
user382@example.com,2313,2025-06-30
user17@example.com,14247,2025-09-01
user429@example.com,5220,2024-12-22
user87@example.com,13277,2025-10-24
user407@example.com,1439,2025-09-12
user237@example.com,7930,2026-01-12
user458@example.com,5786,2026-03-06
user255@example.com,5320,2025-06-24
user152@example.com,16314,2026-01-18
user53@example.com,14593,2025-02-15
user351@example.com,19194,2025-04-11
user170@example.com,19412,2025-08-27
user279@example.com,9324,2025-06-05
user61@example.com,12290,2026-01-11
user16@example.com,7001,2025-12-31
user411@example.com,14914,2025-06-10
user34@example.com,17701,2025-08-04
user182@example.com,15286,2026-03-14
user85@example.com,14700,2025-01-28
user239@example.com,10086,2026-02-13
user443@example.com,12460,2026-05-03
user27@example.com,7350,2026-04-02
user462@example.com,9106,2025-04-12
user47@example.com,14472,2026-01-10
user111@example.com,6423,2026-04-12
user163@example.com,17212,2025-09-16
user194@example.com,5416,2026-03-20
user253@example.com,6104,2025-04-17
user80@example.com,19468,2026-03-21
user323@example.com,4419,2026-04-05
user208@example.com,2597,2025-04-17
user128@example.com,12279,2025-03-11
user212@example.com,3662,2025-05-08
user276@example.com,1917,2025-05-18
user149@example.com,7274,2025-10-03
user379@example.com,10313,2025-03-31
user383@example.com,15527,2025-05-12
user50@example.com,9887,2025-02-26
user32@example.com,3861,2026-02-06
user18@example.com,6623,2025-04-06
user81@example.com,19837,2026-01-21
user124@example.com,8990,2025-07-13
user398@example.com,753,2025-05-03
user449@example.com,14217,2025-03-28
user284@example.com,9540,2025-07-17
user170@example.com,16310,2026-02-25
user249@example.com,3904,2025-04-18
user185@example.com,11323,2026-02-16
user28@example.com,1505,2026-03-02
user279@example.com,4834,2025-05-11
user154@example.com,13632,2025-04-30
user487@example.com,2853,2026-05-06
user385@example.com,14137,2025-01-27
user52@example.com,9185,2025-08-23
user213@example.com,10971,2026-01-27
user485@example.com,4948,2025-07-19
user173@example.com,18634,2025-05-19
user318@example.com,9373,2025-12-03
user369@example.com,5901,2025-02-07
user145@example.com,10883,2026-01-11
user165@example.com,15433,2025-05-16
user287@example.com,15932,2025-04-12
user102@example.com,17710,2025-10-18
user369@example.com,6412,2025-02-08
user58@example.com,13556,2025-09-20
user38@example.com,12836,2025-02-16
user152@example.com,19951,2025-11-14
user482@example.com,11755,2026-05-30
user102@example.com,3242,2025-06-29
user74@example.com,8621,2025-05-05
user209@example.com,4279,2025-07-06
user85@example.com,9131,2025-09-29
user461@example.com,14512,2024-12-24
user455@example.com,17052,2025-04-24
user305@example.com,3873,2025-05-11
user123@example.com,2950,2025-01-29
user427@example.com,10458,2026-04-24
user482@example.com,2561,2026-06-06
user248@example.com,8460,2025-12-10
user24@example.com,4931,2025-02-14
user253@example.com,8940,2025-09-28
user16@example.com,16321,2025-06-06
user354@example.com,9676,2025-04-04
user419@example.com,13134,2026-03-05
user444@example.com,16525,2026-02-27
user441@example.com,12750,2025-11-08
user498@example.com,8159,2025-05-03
user221@example.com,6553,2025-04-05
user141@example.com,9939,2026-01-21
user105@example.com,12951,2026-02-24
user392@example.com,10896,2025-02-08
user262@example.com,4875,2025-06-19
user330@example.com,15162,2025-04-05
user445@example.com,4350,2025-08-19
user492@example.com,13161,2025-09-04
user190@example.com,9946,2025-04-28
user72@example.com,2136,2026-04-27
user232@example.com,4266,2026-01-03
user44@example.com,11803,2025-08-06
user315@example.com,19764,2025-06-23
user413@example.com,17075,2025-06-09
user240@example.com,10494,2026-06-07
user178@example.com,6924,2025-03-29
user176@example.com,1689,2025-03-11
user473@example.com,17775,2025-11-30
user266@example.com,9303,2025-02-08
user447@example.com,17283,2025-05-04
user324@example.com,14218,2025-02-02
user276@example.com,13310,2026-05-04
user66@example.com,13762,2025-03-11
user247@example.com,8067,2025-03-24
user311@example.com,9282,2025-01-14
user441@example.com,11202,2025-09-03
user480@example.com,9482,2025-11-04
user174@example.com,7884,2026-03-31
user458@example.com,6824,2025-05-27
user45@example.com,826,2025-10-23
user310@example.com,633,2025-01-22
user388@example.com,3827,2025-07-18
user131@example.com,11758,2025-06-29
user115@example.com,18101,2026-05-10
user448@example.com,11451,2026-01-29
user319@example.com,14244,2025-01-10
user386@example.com,9619,2025-08-09
user385@example.com,771,2026-05-18
user498@example.com,13916,2025-09-02
user110@example.com,17249,2025-02-09
user448@example.com,2453,2025-08-22
user416@example.com,13497,2026-03-08
user308@example.com,17657,2026-05-05
user102@example.com,17280,2025-12-07
user120@example.com,6319,2026-02-21
user261@example.com,2535,2025-09-06
user141@example.com,5825,2026-02-15
user240@example.com,12475,2026-05-05
user282@example.com,548,2025-02-24
user96@example.com,6584,2026-02-01
user293@example.com,14941,2026-01-27
user272@example.com,9420,2025-02-03
user184@example.com,6509,2026-04-19
user47@example.com,4271,2025-10-23
user237@example.com,12434,2025-02-10
user211@example.com,11932,2025-06-07
user109@example.com,7425,2026-01-05
user319@example.com,10866,2026-03-16
user428@example.com,8022,2025-05-22
user398@example.com,1303,2025-12-09
user333@example.com,1785,2025-12-29
user176@example.com,4989,2026-02-26
user269@example.com,12108,2025-07-16
user174@example.com,6294,2025-11-12
user142@example.com,2942,2025-04-30
user285@example.com,16459,2025-03-22
user405@example.com,13904,2025-08-01
user464@example.com,4678,2026-05-22
user475@example.com,4179,2026-01-18
user182@example.com,1197,2025-12-30
user295@example.com,3038,2025-12-10
user102@example.com,1645,2025-11-27
user150@example.com,8541,2025-06-19
user163@example.com,17204,2025-12-23
user270@example.com,3922,2025-07-16
user488@example.com,8463,2026-06-07
user321@example.com,10575,2025-07-18
user336@example.com,12183,2025-11-24
user466@example.com,9964,2025-01-28
user63@example.com,3113,2025-08-27
user243@example.com,5062,2025-08-27
user170@example.com,4641,2026-02-20
user447@example.com,12256,2025-11-06
user331@example.com,2754,2025-09-29
user302@example.com,16667,2025-07-26
user273@example.com,1556,2025-05-11
user444@example.com,1751,2025-06-27
user137@example.com,11916,2025-09-25
user458@example.com,6271,2025-02-20
user90@example.com,5813,2025-12-06
user360@example.com,12043,2025-10-13
user397@example.com,7737,2025-11-28
user298@example.com,13361,2025-01-28
user25@example.com,7993,2026-05-11
user491@example.com,17499,2025-09-11
user368@example.com,12209,2025-04-01
user331@example.com,10121,2025-03-22
user397@example.com,1932,2026-04-03
user46@example.com,17739,2025-04-29
user280@example.com,10716,2025-04-22
user188@example.com,9149,2025-05-25
user139@example.com,6406,2025-03-13
user352@example.com,13143,2025-12-06
user45@example.com,5056,2025-10-23
user146@example.com,11274,2026-04-18
user373@example.com,3914,2026-04-26
user491@example.com,11926,2025-03-31
user270@example.com,7419,2025-07-03
user296@example.com,819,2025-06-11
user449@example.com,11288,2025-05-29
user15@example.com,9082,2025-11-01
user332@example.com,2447,2026-02-18
user28@example.com,4102,2025-12-22
user73@example.com,19702,2026-03-10
user238@example.com,8694,2026-04-21
user204@example.com,19289,2025-04-22
user349@example.com,9390,2025-05-26
user284@example.com,14941,2025-12-06
user365@example.com,5591,2025-02-16
user366@example.com,7575,2026-05-04
user365@example.com,3456,2025-01-15
user114@example.com,1340,2025-05-12
user269@example.com,11055,2025-07-01
user86@example.com,2550,2025-06-16
user247@example.com,17286,2025-06-14
user388@example.com,2980,2025-01-11
user310@example.com,5373,2025-08-28
user287@example.com,12643,2025-09-27
user299@example.com,3452,2025-05-16
user35@example.com,8032,2025-12-23
user357@example.com,18945,2026-05-23
user121@example.com,16852,2026-03-16
user125@example.com,9337,2026-05-19
user19@example.com,4355,2026-05-28
user317@example.com,19269,2025-01-23
user407@example.com,5478,2025-01-01
user78@example.com,14840,2026-03-07
user450@example.com,10469,2025-10-30
user434@example.com,9735,2025-03-07
user343@example.com,16174,2025-03-11
user109@example.com,12933,2025-11-09
user355@example.com,8831,2026-02-11
user294@example.com,4305,2025-02-23
user179@example.com,1845,2026-03-06
user298@example.com,17267,2025-08-21
user237@example.com,13666,2025-08-20
user164@example.com,6364,2025-10-29
user141@example.com,7916,2025-05-27
user25@example.com,8833,2025-03-03
user117@example.com,1559,2026-01-29
user83@example.com,5909,2025-05-14
user56@example.com,6206,2025-04-26
user82@example.com,10782,2025-02-27
user483@example.com,12696,2025-07-10
user124@example.com,19619,2026-05-03
user70@example.com,2019,2025-12-26
user387@example.com,2099,2025-09-05
user41@example.com,4672,2026-05-19
user408@example.com,18309,2026-02-02
user493@example.com,7454,2025-03-07
user86@example.com,16729,2025-12-10
user418@example.com,10609,2025-04-07
user214@example.com,9103,2025-07-10
user12@example.com,4164,2025-06-13
user247@example.com,11009,2025-10-16
user95@example.com,7071,2026-04-19
user79@example.com,14301,2025-09-12
user321@example.com,1212,2025-02-09
user319@example.com,5785,2025-05-21
user334@example.com,14424,2025-03-18
user442@example.com,616,2026-06-06
user404@example.com,9126,2025-05-20
user216@example.com,5943,2025-07-18
user239@example.com,17270,2025-12-08
user219@example.com,11895,2026-03-15
user257@example.com,2139,2025-09-24
user337@example.com,8498,2025-01-28
user78@example.com,18590,2025-07-02
user21@example.com,7389,2024-12-16
user292@example.com,1760,2025-05-30
user226@example.com,13170,2025-04-06
user435@example.com,6979,2025-06-17
user69@example.com,4718,2025-10-09
user315@example.com,8769,2025-07-18
user222@example.com,2068,2025-09-09
user180@example.com,19172,2026-04-26
user95@example.com,2590,2025-01-11
user70@example.com,14549,2026-03-27
user297@example.com,5466,2025-09-24
user145@example.com,15267,2025-05-25
user391@example.com,19481,2025-07-17
user210@example.com,12502,2025-06-12
user301@example.com,19010,2026-04-04
user452@example.com,11717,2025-10-24
user246@example.com,14988,2025-07-14
user130@example.com,1446,2026-04-04
user326@example.com,6622,2025-06-30
user239@example.com,19740,2025-09-16
user440@example.com,3343,2025-07-23
user170@example.com,16165,2026-01-13
user262@example.com,7262,2026-04-28
user431@example.com,4386,2025-06-24
user46@example.com,8954,2025-08-29
user225@example.com,8750,2025-02-18
user214@example.com,18587,2025-07-29
user398@example.com,7233,2025-06-08
user304@example.com,11333,2026-02-15
user212@example.com,15552,2026-03-16
user67@example.com,14659,2025-01-19
user340@example.com,7405,2024-12-17
user58@example.com,1855,2025-07-29
user39@example.com,2002,2025-04-03
user56@example.com,10477,2025-09-08
user366@example.com,15467,2026-04-29
user403@example.com,19845,2025-06-26
user291@example.com,18553,2025-12-04
user379@example.com,13673,2025-02-13
user472@example.com,11874,2026-05-04
user433@example.com,3785,2026-03-16
user124@example.com,10248,2026-04-27
user371@example.com,12702,2025-03-21
user188@example.com,10608,2025-03-27
user98@example.com,13306,2025-09-09
user267@example.com,15099,2026-03-06
user220@example.com,1700,2025-08-31
user283@example.com,14673,2025-10-08
user78@example.com,7158,2025-06-19
user334@example.com,8035,2025-09-11
user369@example.com,15697,2025-12-10
user31@example.com,17788,2025-06-19
user368@example.com,15132,2025-09-17
user235@example.com,8758,2026-01-18
user203@example.com,2447,2025-01-21
user384@example.com,999,2025-08-21
user11@example.com,15764,2025-10-22
user86@example.com,928,2025-12-21
user349@example.com,16693,2025-01-30
user194@example.com,18138,2025-10-17
user225@example.com,3167,2026-03-31
user134@example.com,6311,2025-09-22
user56@example.com,2460,2026-06-06
user375@example.com,7383,2026-01-10
user22@example.com,11774,2025-03-08
user100@example.com,5509,2025-03-09
user116@example.com,18827,2025-05-02
user58@example.com,18366,2025-05-11
user14@example.com,8900,2026-01-16
user248@example.com,17024,2025-06-23
user318@example.com,8914,2025-03-18
user206@example.com,2967,2026-03-06
user287@example.com,14850,2026-01-11
user4@example.com,6345,2026-04-10
user43@example.com,3642,2025-01-27
user8@example.com,7989,2025-02-23
user223@example.com,3294,2026-03-05
user378@example.com,11420,2025-07-14
user367@example.com,19136,2025-10-03
user232@example.com,1864,2025-07-02
user359@example.com,3303,2025-04-14
user109@example.com,6391,2025-02-22
user404@example.com,6851,2025-02-08
user281@example.com,12399,2026-02-21
user281@example.com,5081,2025-11-17
user137@example.com,18072,2025-07-11
user357@example.com,3705,2026-02-14
user31@example.com,10903,2026-03-28
user156@example.com,2333,2025-12-27
user339@example.com,6870,2026-04-17
user99@example.com,6495,2026-05-06
user315@example.com,7849,2025-11-21
user472@example.com,5920,2026-01-14
user420@example.com,18956,2026-03-27
user221@example.com,14881,2025-03-13
user292@example.com,12334,2025-02-16
user75@example.com,9255,2026-05-12
user379@example.com,17265,2026-05-18
user249@example.com,2101,2025-02-16
user125@example.com,10593,2026-02-13
user374@example.com,14607,2025-03-19
user453@example.com,18156,2026-02-27
user453@example.com,8758,2025-01-07
user207@example.com,14185,2025-07-03
user197@example.com,7361,2025-10-11
user350@example.com,14947,2025-01-31
user4@example.com,3082,2025-03-15
user200@example.com,18742,2026-05-06
user354@example.com,18712,2024-12-23
user293@example.com,12949,2026-03-29
user77@example.com,6483,2026-05-24
user200@example.com,9118,2026-05-08
user254@example.com,2449,2026-04-02
user267@example.com,2794,2025-03-10
user309@example.com,19064,2026-04-01
user276@example.com,18165,2025-05-06
user15@example.com,3274,2026-02-18
user222@example.com,8640,2026-01-11
user330@example.com,9038,2025-03-26
user251@example.com,11642,2026-02-24
user297@example.com,16668,2025-03-23
user230@example.com,6504,2025-08-25
user373@example.com,11740,2025-02-16
user168@example.com,7777,2025-02-17
user97@example.com,13569,2025-11-11
user183@example.com,1826,2026-05-13
user335@example.com,8899,2026-02-09
user474@example.com,17452,2026-02-14
user201@example.com,5855,2025-03-07
user484@example.com,10052,2025-09-09
user432@example.com,18404,2026-04-19
user82@example.com,10905,2026-06-05
user335@example.com,11755,2025-10-16
user436@example.com,14252,2024-12-10
user168@example.com,14091,2025-09-15
user205@example.com,8470,2025-09-12
user162@example.com,2913,2026-03-27
user76@example.com,14006,2026-01-21
user18@example.com,11021,2025-07-05
user441@example.com,6444,2025-01-11
user216@example.com,8343,2025-05-23
user484@example.com,19105,2025-08-22
user200@example.com,15281,2025-12-30
user21@example.com,16845,2025-01-06
user179@example.com,10139,2026-02-17
user390@example.com,7420,2025-09-01
user220@example.com,18213,2025-12-04
user308@example.com,11942,2026-04-19
user122@example.com,18402,2025-04-08
user167@example.com,15024,2025-11-06
user447@example.com,9177,2025-08-27
user156@example.com,13970,2025-07-08
user216@example.com,3544,2025-11-18
user41@example.com,17628,2025-05-04
user357@example.com,18898,2026-02-03
user388@example.com,11304,2025-07-22
user332@example.com,9089,2025-07-09
user57@example.com,5221,2026-01-13
user170@example.com,14087,2026-01-14
user233@example.com,17384,2025-01-21
user392@example.com,14767,2025-03-16
user328@example.com,7581,2025-08-16
user110@example.com,6574,2025-05-16
user223@example.com,9160,2026-02-12
user187@example.com,3405,2025-09-10
user481@example.com,5317,2025-07-30
user447@example.com,13984,2025-08-30
user67@example.com,16262,2026-01-16
user425@example.com,5199,2026-02-10
user96@example.com,16491,2026-03-09
user145@example.com,13871,2025-04-30
user370@example.com,17703,2025-09-05
user262@example.com,19644,2025-01-09
user9@example.com,4261,2025-03-02
user260@example.com,4438,2025-05-06
user113@example.com,6254,2025-10-20
user160@example.com,15277,2025-01-31
user367@example.com,4871,2025-03-25
user333@example.com,3682,2025-07-12
user457@example.com,13463,2025-12-18
user354@example.com,3639,2026-01-05
user447@example.com,8792,2026-05-11
user336@example.com,4756,2025-03-22
user357@example.com,5191,2024-12-15
user476@example.com,13786,2025-01-25
user242@example.com,16979,2025-05-23
user178@example.com,3292,2025-10-28
user285@example.com,15460,2025-07-13
user289@example.com,6865,2026-02-17
user161@example.com,6841,2024-12-29
user14@example.com,17037,2025-03-28
user106@example.com,11360,2026-04-07
user314@example.com,13440,2025-06-18
user489@example.com,8754,2026-03-27
user159@example.com,17678,2026-02-18
user80@example.com,8656,2025-01-11
user450@example.com,7808,2025-11-16
user429@example.com,2564,2025-11-28
user50@example.com,4463,2025-01-28
user166@example.com,11617,2025-10-27
user251@example.com,16574,2025-01-28
user370@example.com,8189,2026-01-29
user199@example.com,17301,2026-05-24
user123@example.com,8026,2025-06-28
user427@example.com,18702,2025-09-11
user187@example.com,5511,2025-11-02
user331@example.com,5593,2025-06-05
user315@example.com,4386,2025-10-07
user136@example.com,8229,2025-02-04
user211@example.com,8201,2026-02-20
user295@example.com,733,2026-02-21
user346@example.com,3330,2025-01-03
user190@example.com,15558,2025-10-07
user44@example.com,19428,2026-05-01
user400@example.com,13251,2026-04-25
user157@example.com,12260,2025-09-24
user325@example.com,16159,2025-07-14
user260@example.com,882,2025-03-10
user499@example.com,16110,2025-11-17
user195@example.com,16905,2025-01-08
user459@example.com,12366,2026-03-14
user177@example.com,18585,2025-05-31
user446@example.com,6482,2025-12-09
user365@example.com,18652,2026-02-20
user135@example.com,14209,2025-03-16
user180@example.com,3306,2026-04-29
user388@example.com,582,2026-05-26
user227@example.com,11393,2025-04-04
user227@example.com,6648,2025-03-11
user214@example.com,19407,2025-03-15
user412@example.com,15166,2025-04-12
user71@example.com,3579,2025-04-13
user293@example.com,6519,2025-03-23
user93@example.com,6214,2024-12-20
user398@example.com,16183,2026-05-18
user453@example.com,6524,2025-03-24
user37@example.com,12978,2025-07-02
user308@example.com,994,2024-12-18
user342@example.com,7671,2025-06-26
user308@example.com,4922,2025-04-25
user270@example.com,13785,2026-06-02
user120@example.com,5384,2025-08-22
user90@example.com,5117,2025-11-22
user187@example.com,3041,2025-03-20
user186@example.com,1272,2025-06-13
user165@example.com,5491,2025-03-07
user236@example.com,2276,2025-10-03
user499@example.com,12201,2026-01-19
user97@example.com,14706,2025-07-23
user454@example.com,6137,2025-12-10
user50@example.com,17584,2025-01-26
user499@example.com,18187,2026-03-20
user426@example.com,15396,2025-02-05
user420@example.com,11167,2025-11-25
user300@example.com,10810,2025-10-01
user239@example.com,7000,2025-04-27
user388@example.com,13555,2025-05-08
user494@example.com,19567,2025-03-04
user148@example.com,19696,2025-07-03
user117@example.com,8205,2026-01-24
user39@example.com,1913,2025-09-08
user406@example.com,4735,2025-03-10
user174@example.com,1437,2025-02-10
user473@example.com,787,2025-10-23
user180@example.com,13241,2024-12-19
user345@example.com,4917,2026-04-22
user349@example.com,10732,2025-02-10
user21@example.com,9343,2025-10-31
user61@example.com,5470,2025-07-22
user346@example.com,2074,2026-01-09
user411@example.com,12702,2025-02-18
user339@example.com,12321,2025-03-28
user249@example.com,17833,2025-10-30
user313@example.com,11750,2026-03-03
user437@example.com,12837,2025-01-30
user253@example.com,15664,2025-02-15
user156@example.com,19853,2026-02-25
user237@example.com,2698,2026-03-19
user473@example.com,19031,2026-01-08
user413@example.com,5056,2026-02-17
user343@example.com,12664,2025-03-07
user112@example.com,1158,2025-10-06
user363@example.com,18186,2025-02-22
user358@example.com,12779,2025-06-18
user291@example.com,4592,2025-12-02
user351@example.com,16491,2025-10-10
user426@example.com,16028,2025-06-24
user31@example.com,19435,2026-02-12
user44@example.com,8903,2025-10-09
user112@example.com,2916,2026-04-23
user265@example.com,7040,2025-03-07
user383@example.com,11210,2025-07-24
user249@example.com,4356,2026-06-01
user85@example.com,12242,2025-06-27
user459@example.com,17085,2025-04-29
user29@example.com,9569,2025-05-30
user221@example.com,7408,2026-01-02
user202@example.com,5392,2025-11-24
user490@example.com,2680,2026-03-09
user52@example.com,10283,2026-01-15
user134@example.com,3005,2026-05-24
user384@example.com,11563,2025-02-04
user49@example.com,2225,2025-03-23
user149@example.com,16842,2025-01-06
user80@example.com,16690,2025-08-10
user425@example.com,5016,2025-09-26
user161@example.com,540,2026-05-25
user445@example.com,6667,2026-04-16
user435@example.com,3787,2026-02-22
user245@example.com,2065,2025-12-04
user98@example.com,18756,2024-12-19
user214@example.com,2063,2025-12-01
user432@example.com,6267,2024-12-11
user282@example.com,7831,2025-06-07
user408@example.com,14834,2025-09-21
user424@example.com,6198,2025-10-03
user274@example.com,13662,2025-11-26
user495@example.com,10143,2025-11-10
user355@example.com,17091,2025-10-17
user87@example.com,1378,2025-05-03
user61@example.com,10318,2026-05-17
user38@example.com,4887,2025-11-20
user54@example.com,1613,2026-04-22
user261@example.com,16844,2025-10-06
user185@example.com,4820,2026-02-19
user273@example.com,16620,2025-12-06
user66@example.com,772,2025-03-21
user222@example.com,1409,2026-01-12
user262@example.com,15755,2025-07-19
user434@example.com,1572,2025-07-27
user373@example.com,8220,2025-10-29
user471@example.com,13914,2026-05-11
user427@example.com,10186,2025-01-09
user140@example.com,17722,2026-02-09
user90@example.com,1924,2026-05-27
user28@example.com,9038,2025-11-29
user164@example.com,19080,2026-05-03
user396@example.com,18969,2026-05-31
user69@example.com,19963,2025-02-17
user339@example.com,16827,2025-06-19
user185@example.com,10077,2026-02-02
user404@example.com,1668,2025-01-14
user52@example.com,14911,2025-12-03
user305@example.com,16957,2025-10-31
user176@example.com,12158,2025-04-10
user292@example.com,14877,2024-12-10
user77@example.com,15997,2025-10-11
user174@example.com,5841,2025-12-14
user186@example.com,14352,2025-06-04
user180@example.com,15012,2026-02-08
user46@example.com,6599,2025-07-19
user45@example.com,9532,2025-03-13
user324@example.com,18967,2025-05-28
user116@example.com,11966,2026-06-08
user454@example.com,18010,2026-05-26
user222@example.com,10935,2026-02-21
user317@example.com,18379,2025-08-16
user89@example.com,7788,2025-12-03
user228@example.com,17448,2025-04-09
user402@example.com,9561,2026-04-10
user327@example.com,6627,2025-01-20
user408@example.com,7140,2025-02-28
user162@example.com,16325,2026-02-23
user35@example.com,14155,2025-04-01
user303@example.com,4473,2025-12-31
user85@example.com,9522,2025-05-25
user21@example.com,3276,2025-03-04
user231@example.com,17334,2025-01-23
user469@example.com,2093,2026-04-11
user338@example.com,4252,2025-10-08
user47@example.com,6201,2025-12-08
user231@example.com,11955,2025-06-16
user346@example.com,2570,2025-09-22
user350@example.com,19176,2026-05-18
user122@example.com,15491,2025-05-10
user341@example.com,14439,2025-03-28
user258@example.com,10948,2025-05-12
user2@example.com,5170,2025-01-23
user482@example.com,11990,2025-08-08
user199@example.com,17842,2025-08-26
user64@example.com,958,2025-03-21
user143@example.com,12426,2026-04-10
user231@example.com,8935,2025-05-15
user298@example.com,13705,2025-06-26
user92@example.com,17376,2026-05-14
user403@example.com,8362,2025-03-14
user297@example.com,5096,2025-06-29
user305@example.com,4695,2025-01-11
user362@example.com,12870,2026-03-18
user116@example.com,4768,2025-04-23
user60@example.com,7028,2024-12-19
user157@example.com,19427,2025-02-13
user343@example.com,10213,2025-03-26
user442@example.com,6735,2026-02-19
user480@example.com,17168,2026-04-08
user75@example.com,17096,2025-03-17
user12@example.com,12501,2026-03-14
user88@example.com,8828,2025-09-26
user224@example.com,6137,2025-08-23
user170@example.com,9398,2026-01-29
user386@example.com,13654,2025-08-21
user112@example.com,1344,2026-01-17
user169@example.com,18409,2025-01-31
user405@example.com,7916,2025-10-01
user64@example.com,17226,2026-04-01
user460@example.com,18228,2025-08-29
user389@example.com,15721,2025-05-09
user411@example.com,2521,2025-12-13
user351@example.com,18622,2025-03-13
user324@example.com,17186,2025-09-14
user262@example.com,2415,2025-08-04
user174@example.com,10546,2024-12-28
user477@example.com,17994,2025-08-11
user302@example.com,17405,2026-01-02
user270@example.com,8521,2025-05-23
user127@example.com,6659,2025-02-19
user62@example.com,8866,2026-02-04
user83@example.com,14211,2025-06-25
user100@example.com,3784,2026-01-22
user332@example.com,933,2026-02-01
user296@example.com,1519,2025-10-14
user230@example.com,18430,2025-01-16
user283@example.com,14217,2025-09-05
user229@example.com,10350,2026-05-11
user391@example.com,8149,2025-10-25
user114@example.com,12935,2025-03-12
user130@example.com,6553,2025-12-26
user207@example.com,4551,2026-01-13
user428@example.com,17775,2026-01-02
user88@example.com,10178,2025-11-18
user194@example.com,1498,2025-02-11
user365@example.com,524,2025-01-12
user242@example.com,13237,2025-06-18
user181@example.com,2459,2025-01-06
user230@example.com,3178,2025-02-28
user387@example.com,11288,2025-10-21
user182@example.com,8837,2026-01-21
user292@example.com,13890,2026-01-25
user319@example.com,14804,2025-03-19
user232@example.com,14375,2024-12-25
user395@example.com,18588,2025-07-18
user155@example.com,15849,2026-03-30
user148@example.com,5393,2026-01-16
user423@example.com,4914,2025-02-15
user394@example.com,13647,2026-01-10
user228@example.com,17255,2025-03-03
user324@example.com,15561,2026-05-12
user165@example.com,7074,2024-12-17
user19@example.com,9707,2026-01-19
user268@example.com,11552,2025-01-24
user414@example.com,1557,2026-03-25
user283@example.com,15812,2025-02-13
user194@example.com,9112,2026-04-09
user298@example.com,16915,2026-04-22
user459@example.com,4709,2026-04-22
user323@example.com,6108,2025-09-24
user33@example.com,712,2025-03-27
user200@example.com,2699,2026-02-28
user72@example.com,13174,2025-02-09
user86@example.com,7603,2025-02-13
user34@example.com,2954,2026-02-14
user53@example.com,11196,2026-02-16
user457@example.com,8827,2026-04-24
user235@example.com,15624,2024-12-23
user480@example.com,11475,2025-05-05
user269@example.com,2011,2025-04-07
user213@example.com,14074,2025-05-12
user477@example.com,2450,2025-11-27
user145@example.com,12866,2025-06-13
user213@example.com,13946,2025-07-30
user279@example.com,2418,2025-11-10
user399@example.com,10253,2025-08-11
user398@example.com,15169,2025-04-28
user278@example.com,1938,2025-03-16
user148@example.com,13437,2026-03-26
user377@example.com,4597,2026-05-21
user89@example.com,16560,2025-07-07
user258@example.com,17701,2025-07-14
user140@example.com,19824,2025-09-16
user366@example.com,9720,2025-10-21
user326@example.com,12951,2025-04-09
user484@example.com,6844,2025-03-22
user266@example.com,15826,2025-07-01
user370@example.com,5655,2025-11-06
user443@example.com,13131,2025-06-10
user458@example.com,1707,2025-10-03
user183@example.com,4938,2026-01-07
user402@example.com,12091,2025-01-29
user359@example.com,16142,2025-02-11
user469@example.com,8314,2025-10-28
user153@example.com,7223,2025-01-02
user110@example.com,11461,2025-06-04
user441@example.com,4657,2025-05-02
user117@example.com,8269,2025-06-21
user282@example.com,848,2026-05-07
user123@example.com,3822,2026-01-22
user122@example.com,11431,2025-09-05
user467@example.com,6656,2026-05-20
user438@example.com,18871,2025-12-25
user202@example.com,1740,2026-02-25
user349@example.com,7053,2026-04-06
user236@example.com,11507,2026-03-30
user294@example.com,1628,2025-06-23
user78@example.com,4536,2024-12-10
user211@example.com,8080,2025-05-26
user395@example.com,3799,2025-06-20
user329@example.com,18604,2025-03-27
user58@example.com,1476,2026-01-25
user406@example.com,8757,2025-06-04
user417@example.com,16143,2025-12-13
user458@example.com,18903,2025-04-27
user130@example.com,1945,2025-01-30
user384@example.com,6296,2025-12-16
user405@example.com,7539,2025-02-08
user92@example.com,19343,2025-09-09
user320@example.com,5477,2026-05-18
user72@example.com,6847,2025-01-07
user325@example.com,17147,2026-05-22
user356@example.com,19521,2025-04-10
user29@example.com,10913,2025-08-05
user3@example.com,10638,2026-02-23
user114@example.com,3673,2025-01-06
user335@example.com,19061,2025-04-26
user147@example.com,4566,2025-12-05
user477@example.com,9369,2025-12-12
user86@example.com,10401,2025-03-29
user436@example.com,4262,2025-05-04
user59@example.com,17773,2026-02-18
user441@example.com,8783,2026-03-15
user121@example.com,19200,2025-12-02
user152@example.com,19499,2025-02-10
user72@example.com,18189,2025-06-03
user30@example.com,1064,2026-03-05
user408@example.com,15996,2025-05-02
user172@example.com,1241,2026-02-10
user93@example.com,4180,2026-05-27
user287@example.com,1828,2025-07-15
user343@example.com,1452,2025-01-20
user12@example.com,16434,2025-06-29
user208@example.com,6021,2026-05-01
user341@example.com,5252,2026-04-02
user280@example.com,2927,2025-12-13
user365@example.com,1688,2026-03-15
user153@example.com,5667,2026-05-11
user490@example.com,2205,2025-11-04
user109@example.com,9073,2025-01-18
user24@example.com,2040,2026-01-10
user258@example.com,14388,2025-11-02
user17@example.com,6751,2025-01-31
user483@example.com,8034,2025-06-26
user281@example.com,8200,2025-02-09
user425@example.com,12193,2025-01-07
user456@example.com,3563,2025-12-06
user62@example.com,19775,2025-07-01
user124@example.com,10480,2026-02-02
user379@example.com,19614,2025-05-10
user240@example.com,794,2026-06-05
user390@example.com,2155,2025-09-17
user190@example.com,12152,2026-05-12
user359@example.com,17425,2025-08-08
user372@example.com,17672,2025-02-24
user33@example.com,2146,2026-01-19
user372@example.com,6619,2025-11-15
user305@example.com,4978,2025-09-26
user393@example.com,11821,2025-10-29
user122@example.com,2593,2025-11-14
user34@example.com,17298,2025-11-13
user139@example.com,9733,2026-04-12
user296@example.com,17785,2026-03-28
user256@example.com,5844,2025-04-10
user139@example.com,16809,2025-12-10
user231@example.com,11261,2026-01-29
user44@example.com,9067,2025-12-29
user497@example.com,6160,2024-12-20
user11@example.com,6100,2024-12-22
user498@example.com,7426,2025-08-07
user175@example.com,12086,2025-12-16
user490@example.com,16720,2025-04-17
user110@example.com,7078,2025-01-29
user170@example.com,10119,2025-03-13
user392@example.com,10287,2025-05-27
user460@example.com,18750,2025-06-15
user273@example.com,1629,2026-04-01
user54@example.com,7406,2026-05-25
user21@example.com,9543,2026-01-28
user240@example.com,9259,2025-11-26
user165@example.com,6236,2025-03-27
user283@example.com,10651,2025-11-22
user60@example.com,6046,2025-01-16
user328@example.com,1489,2026-05-28
user114@example.com,14467,2025-06-11
user60@example.com,2949,2025-08-15
user337@example.com,1647,2025-05-05
user163@example.com,10152,2025-10-16
user31@example.com,12475,2026-04-26
user14@example.com,9620,2024-12-10
user275@example.com,19552,2025-01-05
user480@example.com,19169,2026-01-22
user136@example.com,10893,2025-04-17
user391@example.com,19787,2025-03-30
user484@example.com,12111,2025-11-06
user89@example.com,10690,2025-04-07
user179@example.com,1203,2025-01-29
user495@example.com,8538,2025-12-11
user461@example.com,2305,2025-03-24
user1@example.com,2130,2026-02-26
user77@example.com,4854,2026-02-17
user31@example.com,6700,2026-04-18
user390@example.com,4476,2026-01-31
user453@example.com,14082,2025-03-12
user476@example.com,10342,2025-02-01
user312@example.com,6055,2025-05-26
user430@example.com,5358,2025-02-15
user434@example.com,14599,2026-01-05
user247@example.com,4654,2026-03-20
user304@example.com,13975,2025-12-22
user412@example.com,10088,2025-05-13
user181@example.com,1492,2025-11-06
user453@example.com,13062,2025-10-09
user363@example.com,6784,2026-03-29
user300@example.com,18417,2025-08-19
user443@example.com,7597,2026-06-01
user118@example.com,5709,2025-01-21
user195@example.com,18312,2025-09-17
user345@example.com,6254,2026-04-30
user93@example.com,19630,2026-04-29
user317@example.com,12922,2025-02-07
user256@example.com,10188,2025-07-29
user202@example.com,19643,2025-07-18
user464@example.com,12674,2024-12-17
user229@example.com,12223,2025-10-23
user377@example.com,1439,2026-05-01
user269@example.com,4537,2025-01-28
user360@example.com,19668,2025-04-22
user90@example.com,548,2025-11-22
user146@example.com,1670,2025-04-17
user427@example.com,2948,2025-02-06
user244@example.com,1393,2024-12-13
user150@example.com,4629,2025-12-23
user204@example.com,1575,2025-10-17
user36@example.com,3921,2026-01-16
user4@example.com,3829,2026-05-01
user241@example.com,13518,2026-03-12
user279@example.com,12011,2026-03-23
user189@example.com,9622,2025-07-23
user337@example.com,15750,2026-02-18
user312@example.com,10752,2025-11-03
user483@example.com,8805,2025-08-28
user309@example.com,6160,2025-10-13
user264@example.com,728,2025-03-05
user28@example.com,8121,2026-01-29
user85@example.com,1850,2026-05-20
user152@example.com,15042,2025-03-24
user18@example.com,1515,2025-12-15
user406@example.com,13882,2026-04-16
user288@example.com,4637,2026-03-17
user129@example.com,18547,2025-02-02
user237@example.com,7707,2025-02-26
user347@example.com,2024,2026-02-09
user92@example.com,15251,2026-01-03
user205@example.com,2200,2026-01-08
user51@example.com,12620,2025-04-12
user149@example.com,645,2026-03-26
user358@example.com,5166,2025-05-15
user125@example.com,2515,2025-12-25
user246@example.com,19326,2025-01-02
user333@example.com,15100,2025-07-07
user432@example.com,1126,2025-09-15
user361@example.com,3556,2025-11-27
user80@example.com,8441,2025-07-29
user453@example.com,15101,2025-12-05
user155@example.com,3184,2025-07-29
user86@example.com,5463,2024-12-12
user326@example.com,14135,2026-05-14
user477@example.com,2033,2025-05-09
user160@example.com,17423,2025-02-18
user143@example.com,8226,2025-05-07
user2@example.com,6013,2026-05-12
user88@example.com,10093,2025-10-10
user389@example.com,11587,2025-07-24
user304@example.com,10808,2026-03-02
user212@example.com,19757,2025-04-18
user461@example.com,7417,2024-12-10
user285@example.com,3307,2025-07-30
user51@example.com,16752,2025-06-26
user479@example.com,17317,2025-03-16
user441@example.com,19410,2025-09-12
user180@example.com,16759,2025-04-05
user235@example.com,12873,2025-08-30
user173@example.com,6273,2025-02-19
user447@example.com,14427,2025-06-15
user228@example.com,9748,2025-04-10
user28@example.com,18508,2026-05-07
user244@example.com,2413,2025-02-07
user406@example.com,14338,2025-02-22
user463@example.com,3241,2026-04-19
user239@example.com,14234,2024-12-23
user134@example.com,14473,2025-01-26
user88@example.com,17383,2025-01-14
user256@example.com,18211,2025-11-23
user452@example.com,5858,2025-10-27
user68@example.com,7431,2025-10-11
user360@example.com,11115,2026-02-15
user293@example.com,11131,2025-11-23
user217@example.com,3433,2025-01-22
user104@example.com,18729,2026-04-11
user470@example.com,9186,2026-03-01
user335@example.com,9337,2025-01-07
user105@example.com,2937,2026-02-15
user27@example.com,3038,2026-05-12
user452@example.com,6253,2025-09-16
user281@example.com,15814,2025-01-20
user278@example.com,3421,2026-02-28
user106@example.com,18370,2026-01-20
user210@example.com,4145,2026-02-10
user283@example.com,2081,2026-03-09
user135@example.com,3197,2026-06-04
user134@example.com,1132,2025-06-12
user229@example.com,4217,2025-01-04
user109@example.com,15024,2025-04-26
user340@example.com,9030,2025-12-07
user440@example.com,11798,2025-03-16
user77@example.com,17539,2026-05-12
user398@example.com,14436,2025-01-11
user36@example.com,13825,2025-04-01
user45@example.com,11312,2026-03-18
user241@example.com,1204,2025-03-30
user30@example.com,3995,2025-04-04
user401@example.com,10735,2026-01-17
user190@example.com,17015,2025-10-17
user296@example.com,14337,2025-01-14
user34@example.com,6511,2024-12-26
user195@example.com,4740,2025-06-12
user125@example.com,10877,2025-06-07
user210@example.com,6813,2025-09-07
user316@example.com,14602,2025-12-26
user89@example.com,8261,2026-06-02
user142@example.com,1245,2025-08-28
user106@example.com,9789,2026-03-31
user468@example.com,13633,2025-02-25
user322@example.com,19098,2025-08-20
user50@example.com,14307,2026-02-02
user36@example.com,18944,2025-08-18
user86@example.com,11167,2025-10-05
user397@example.com,2483,2026-03-04
user222@example.com,4717,2026-01-08
user143@example.com,14268,2026-01-15
user136@example.com,8273,2025-11-27
user281@example.com,7622,2026-03-26
user50@example.com,2550,2025-02-28
user82@example.com,5023,2025-10-10
user41@example.com,4252,2025-05-11
user205@example.com,9059,2025-01-19
user148@example.com,9455,2025-11-06
user149@example.com,10139,2026-05-05
user242@example.com,5760,2025-09-08
user22@example.com,9613,2026-02-02
user467@example.com,2517,2026-02-03
user410@example.com,15157,2025-04-22
user440@example.com,19955,2025-11-07
user31@example.com,18731,2025-07-25
user65@example.com,11298,2025-05-06
user320@example.com,2922,2026-02-14
user23@example.com,10715,2025-02-25
user298@example.com,9603,2025-04-19
user245@example.com,9072,2026-02-12
user102@example.com,12927,2025-06-28
user50@example.com,6317,2025-03-29
user385@example.com,10199,2025-07-12
user275@example.com,8735,2026-01-10
user7@example.com,15556,2025-05-23
user347@example.com,721,2026-02-05
user260@example.com,14939,2025-01-09
user14@example.com,17663,2024-12-25
user33@example.com,5532,2025-08-26
user460@example.com,11110,2025-05-25
user492@example.com,4515,2026-05-20
user194@example.com,10797,2025-10-10
user149@example.com,3185,2025-03-20
user174@example.com,15298,2026-06-05
user453@example.com,12336,2025-12-26
user32@example.com,6435,2025-04-14
user463@example.com,4340,2025-05-31
user178@example.com,18829,2026-05-11
user103@example.com,8565,2025-11-26
user415@example.com,15757,2025-06-02
user242@example.com,4266,2026-01-02
user199@example.com,4034,2025-07-31
user82@example.com,10803,2024-12-27
user219@example.com,16828,2025-04-01
user187@example.com,11651,2026-05-24
user176@example.com,1589,2026-05-02
user490@example.com,7206,2025-07-12
user360@example.com,7141,2025-03-26
user298@example.com,6050,2025-04-07
user222@example.com,13345,2025-03-28
user333@example.com,5960,2025-06-01
user464@example.com,12024,2026-05-13
user430@example.com,19539,2025-12-26
user171@example.com,19209,2025-02-25
user50@example.com,11235,2025-10-22
user92@example.com,15129,2026-05-15
user382@example.com,18876,2024-12-18
user445@example.com,15516,2025-10-22
user290@example.com,17116,2025-09-22
user244@example.com,2683,2024-12-08
user96@example.com,7660,2025-03-22
user45@example.com,18830,2025-07-08
user256@example.com,19392,2026-05-27
user360@example.com,4858,2025-02-21
user353@example.com,17918,2026-04-21
user245@example.com,15192,2024-12-24
user83@example.com,16097,2025-04-30
user457@example.com,3311,2025-12-21
user86@example.com,4392,2025-04-23
user345@example.com,11846,2026-02-12
user245@example.com,14680,2026-04-04
user328@example.com,5772,2025-04-13
user19@example.com,7455,2026-05-13
user396@example.com,16862,2025-04-06
user130@example.com,19091,2025-07-26
user445@example.com,2357,2025-01-28
user398@example.com,4686,2025-08-20
user172@example.com,6096,2026-04-14
user128@example.com,18771,2025-04-10
user436@example.com,14253,2025-05-24
user233@example.com,7167,2026-05-29
user404@example.com,11893,2025-02-25
user472@example.com,6650,2026-02-26
user437@example.com,17534,2026-05-20
user491@example.com,1278,2025-11-24
user215@example.com,18155,2025-12-30
user337@example.com,15022,2026-06-05
user427@example.com,4449,2025-10-04
user392@example.com,18350,2025-12-02
user445@example.com,4539,2024-12-24
user257@example.com,1222,2024-12-16
user444@example.com,9068,2025-12-27
user106@example.com,12931,2026-01-03
user183@example.com,6362,2025-02-12
user90@example.com,7852,2025-09-08
user161@example.com,3218,2026-04-29
user315@example.com,11960,2025-03-11
user398@example.com,16809,2026-03-10
user147@example.com,5435,2025-05-08
user1@example.com,15889,2026-01-14
user139@example.com,2476,2026-03-03
user208@example.com,1843,2025-06-02
user63@example.com,7199,2025-03-12
user81@example.com,11630,2026-01-31
user105@example.com,17009,2025-04-25
user108@example.com,8635,2026-05-06
user371@example.com,10380,2025-07-30
user218@example.com,508,2025-07-21
user486@example.com,9487,2025-03-26
user470@example.com,18570,2025-02-27
user222@example.com,6315,2026-04-20
user239@example.com,15921,2025-03-03
user334@example.com,17792,2025-10-02
user402@example.com,4358,2025-01-10
user478@example.com,10053,2025-12-21
user304@example.com,4869,2026-02-13
user228@example.com,16425,2025-02-22
user21@example.com,19959,2025-02-28
user29@example.com,2335,2025-03-03
user238@example.com,659,2026-05-13
user464@example.com,8789,2025-11-19
user246@example.com,10755,2025-12-01
user371@example.com,9322,2025-06-29
user227@example.com,11321,2025-02-14
user276@example.com,18299,2025-08-10
user106@example.com,8238,2025-01-04
user96@example.com,12487,2025-06-27
user314@example.com,12040,2025-05-26
user332@example.com,11894,2025-02-05
user348@example.com,7982,2025-06-07
user57@example.com,5468,2025-03-15
user471@example.com,13428,2025-12-23
user198@example.com,6478,2026-02-18
user211@example.com,12909,2025-12-11
user91@example.com,16256,2025-06-05
user472@example.com,3777,2025-04-16
user60@example.com,16974,2024-12-14
user165@example.com,2127,2025-10-21
user422@example.com,4561,2024-12-26
user162@example.com,12649,2025-04-02
user59@example.com,19996,2025-01-04
user306@example.com,11665,2026-01-14
user473@example.com,4004,2025-07-30
user378@example.com,9859,2026-04-17
user152@example.com,19169,2025-02-01
user178@example.com,960,2025-11-15
user351@example.com,8901,2026-02-07
user480@example.com,4673,2025-08-03
user134@example.com,7361,2026-05-21
user310@example.com,16605,2026-01-22
user274@example.com,8592,2025-10-12
user484@example.com,18213,2025-07-06
user315@example.com,1413,2026-06-02
user442@example.com,10559,2025-12-05
user413@example.com,17305,2025-02-19
user353@example.com,1200,2025-02-26
user169@example.com,2742,2025-03-24
user306@example.com,869,2026-04-16
user377@example.com,13665,2025-03-01
user137@example.com,13172,2025-06-19
user312@example.com,698,2026-04-04
user79@example.com,3550,2025-02-21
user479@example.com,17932,2026-05-14
user213@example.com,10026,2025-01-19
user399@example.com,19138,2026-02-02
user136@example.com,9989,2025-10-16
user103@example.com,17292,2025-05-27
user126@example.com,4315,2025-10-25
user152@example.com,7915,2026-01-09
user136@example.com,5081,2026-04-01
user430@example.com,4365,2025-01-04
user60@example.com,15472,2025-10-28
user486@example.com,6261,2026-05-18
user328@example.com,14497,2026-04-28
user226@example.com,5456,2026-06-02
user441@example.com,13978,2026-02-13
user466@example.com,15266,2025-07-11
user183@example.com,14088,2026-01-02
user158@example.com,19234,2026-03-31
user80@example.com,1185,2026-04-08
user29@example.com,11529,2025-08-09
user410@example.com,18007,2025-12-01
user433@example.com,5600,2025-03-07
user147@example.com,4647,2025-01-24
user248@example.com,13959,2025-08-10
user320@example.com,13531,2025-11-24
user406@example.com,12141,2025-02-12
user415@example.com,12137,2026-04-02
user447@example.com,5782,2026-01-03
user180@example.com,16605,2024-12-19
user447@example.com,9200,2026-02-04
user190@example.com,17118,2026-02-10
user428@example.com,19537,2025-02-14
user108@example.com,17761,2025-12-05
user423@example.com,11560,2024-12-09
user463@example.com,5796,2025-12-01
user230@example.com,992,2025-11-18
user476@example.com,4366,2024-12-12
user32@example.com,6239,2026-01-31
user72@example.com,822,2025-08-08
user436@example.com,19997,2026-03-24
user211@example.com,14979,2026-04-20
user382@example.com,18005,2025-11-19
user418@example.com,15582,2025-03-06
user488@example.com,19019,2026-06-01
user382@example.com,8675,2026-03-15
user287@example.com,14273,2026-03-29
user78@example.com,8542,2026-04-12
user399@example.com,6903,2025-01-10
user36@example.com,17018,2025-04-06
user280@example.com,8724,2025-05-03
user490@example.com,2018,2024-12-15
user188@example.com,4619,2025-12-11
user361@example.com,11114,2025-03-23
user21@example.com,18767,2026-03-22
user178@example.com,12195,2024-12-30
user122@example.com,18392,2025-02-15
user160@example.com,8813,2025-03-17
user64@example.com,2509,2025-05-26
user256@example.com,3587,2026-02-26
user341@example.com,14354,2026-01-22
user304@example.com,8180,2024-12-31
user100@example.com,16838,2025-06-24
user303@example.com,11832,2025-11-07
user71@example.com,18311,2025-03-10
user172@example.com,19673,2026-04-10
user257@example.com,15142,2026-04-18
user416@example.com,17753,2025-08-28
user472@example.com,14668,2025-11-09
user15@example.com,7951,2026-01-15
user478@example.com,10226,2026-02-08
user353@example.com,1829,2025-06-04
user169@example.com,1505,2025-11-10
user16@example.com,12184,2025-03-13
user90@example.com,10913,2025-08-13
user263@example.com,5445,2026-02-28
user268@example.com,8631,2025-11-07
user240@example.com,9420,2025-08-17
user250@example.com,12550,2026-03-05
user324@example.com,6436,2025-01-31
user496@example.com,19809,2024-12-22
user180@example.com,1497,2025-02-26
user316@example.com,7686,2025-07-22
user52@example.com,9915,2026-06-03
user145@example.com,1745,2025-04-07
user447@example.com,6473,2026-01-04
user268@example.com,3002,2025-01-21
user314@example.com,9306,2025-01-31
user377@example.com,15870,2026-05-12
user482@example.com,13248,2025-03-18
user333@example.com,17878,2025-06-23
user82@example.com,15141,2025-02-22
user488@example.com,1771,2026-01-01
user358@example.com,9748,2025-06-17
user1@example.com,3355,2025-06-23
user434@example.com,19640,2025-05-16
user308@example.com,14916,2026-01-30
user10@example.com,4095,2026-02-14
user247@example.com,19133,2026-04-25
user312@example.com,2891,2025-05-05
user80@example.com,8775,2026-03-19
user471@example.com,4312,2026-03-26
user388@example.com,14148,2025-10-16
user120@example.com,17373,2025-03-26
user349@example.com,10800,2025-11-13
user41@example.com,11882,2025-01-31
user454@example.com,2138,2025-05-29
user492@example.com,2972,2025-01-10
user458@example.com,11971,2025-12-24
user50@example.com,10906,2025-08-30
user79@example.com,17839,2025-10-07
user439@example.com,7901,2024-12-24
user328@example.com,15452,2025-08-19
user193@example.com,14740,2025-10-13
user315@example.com,11466,2026-04-15
user338@example.com,3385,2025-10-31
user484@example.com,13514,2025-06-28
user65@example.com,8984,2025-07-17
user218@example.com,19034,2025-04-10
user131@example.com,2350,2025-01-09
user59@example.com,15526,2025-03-30
user425@example.com,5961,2025-12-14
user252@example.com,796,2026-05-09
user227@example.com,9987,2025-03-18
user193@example.com,9419,2025-07-07
user50@example.com,8715,2025-05-04
user369@example.com,4044,2025-01-11
user351@example.com,5808,2025-05-25
user87@example.com,3507,2025-09-23
user471@example.com,6212,2025-12-28
user457@example.com,1283,2026-04-11
user6@example.com,7787,2026-01-08
user257@example.com,15559,2026-04-04
user360@example.com,7023,2025-08-28
user221@example.com,18584,2026-02-22
user222@example.com,13680,2025-11-23
user429@example.com,10483,2025-07-28
user346@example.com,14434,2025-06-18
user298@example.com,12097,2026-03-25
user402@example.com,14412,2025-03-06
user360@example.com,15186,2026-02-24
user278@example.com,12936,2025-03-17
user135@example.com,10923,2025-10-15
user284@example.com,7948,2025-02-01
user351@example.com,18182,2025-09-04
user146@example.com,8108,2025-08-23
user199@example.com,3630,2024-12-15
user196@example.com,4777,2025-11-27
user366@example.com,9634,2025-02-23
user52@example.com,869,2026-04-25
user35@example.com,3519,2025-11-19
user71@example.com,1343,2025-04-16
user428@example.com,18474,2025-10-05
user179@example.com,10136,2025-05-09
user485@example.com,9934,2026-02-16
user20@example.com,4231,2025-12-17
user167@example.com,15887,2025-10-23
user337@example.com,14107,2025-12-28
user172@example.com,1888,2025-01-10
user26@example.com,15947,2026-01-30
user34@example.com,15168,2026-02-27
user93@example.com,16977,2025-06-12
user127@example.com,18099,2025-10-01
user301@example.com,4183,2025-05-09
user336@example.com,2112,2025-08-19
user334@example.com,8639,2024-12-17
user461@example.com,9022,2025-03-22
user246@example.com,11703,2025-07-24
user160@example.com,14941,2026-05-19
user21@example.com,19454,2026-01-08
user497@example.com,6301,2025-09-16
user210@example.com,16815,2026-01-27
user360@example.com,5290,2025-05-04
user405@example.com,655,2025-04-12
user163@example.com,17238,2025-01-07
user109@example.com,4602,2025-01-15
user364@example.com,4599,2026-02-21
user433@example.com,5079,2025-11-15
user426@example.com,13582,2025-09-05
user275@example.com,19871,2025-02-03
user483@example.com,6192,2025-08-06
user24@example.com,1588,2025-11-28
user200@example.com,11015,2025-03-18
user161@example.com,17280,2025-01-16
user211@example.com,17782,2026-03-06
user249@example.com,3969,2025-12-06
user398@example.com,5958,2025-10-20
user163@example.com,3524,2026-02-03
user379@example.com,19147,2025-05-10
user354@example.com,14307,2025-01-13
user24@example.com,12414,2025-05-18
user330@example.com,18999,2025-12-31
user113@example.com,9084,2025-05-25
user480@example.com,6863,2026-03-11
user339@example.com,15665,2025-06-29
user237@example.com,4663,2025-03-17
user382@example.com,1165,2025-03-27
user221@example.com,15346,2026-04-20
user112@example.com,17521,2025-11-06
user445@example.com,4689,2025-01-31
user70@example.com,5042,2025-06-01
user346@example.com,1103,2025-09-04
user43@example.com,2724,2025-12-13
user120@example.com,5995,2025-11-25
user366@example.com,18911,2025-03-30
user352@example.com,9155,2026-02-28
user311@example.com,19982,2025-02-18
user160@example.com,12426,2026-05-10
user66@example.com,8542,2026-03-26
user415@example.com,18623,2025-08-05
user77@example.com,13076,2024-12-10
user209@example.com,18350,2025-09-16
user170@example.com,11902,2025-11-04
user44@example.com,7575,2025-11-03
user337@example.com,4082,2026-03-15
user122@example.com,10059,2025-10-03
user203@example.com,14244,2025-11-20
user206@example.com,4518,2025-02-16
user247@example.com,16823,2025-05-18
user432@example.com,8623,2026-02-16
user348@example.com,10571,2026-03-14
user260@example.com,19351,2026-04-12
user200@example.com,13125,2026-02-20
user105@example.com,10645,2025-07-17
user271@example.com,11222,2025-09-09
user363@example.com,10756,2025-06-12
user429@example.com,13340,2024-12-23
user416@example.com,18588,2025-08-19
user374@example.com,11607,2026-03-16
user466@example.com,15925,2025-12-04
user323@example.com,10803,2025-01-04
user265@example.com,5676,2025-09-28
user238@example.com,7860,2026-06-05
user90@example.com,6237,2025-07-17
user343@example.com,12695,2025-10-18
user412@example.com,19683,2025-12-18
user417@example.com,680,2025-04-15
user86@example.com,15231,2025-05-23
user56@example.com,1912,2025-08-07
user381@example.com,7035,2024-12-15
user416@example.com,17958,2025-12-04
user137@example.com,13112,2025-10-07
user371@example.com,19435,2026-05-27
user318@example.com,11242,2026-05-24
user52@example.com,716,2026-02-12
user109@example.com,9422,2025-10-02
user236@example.com,10430,2026-01-13
user252@example.com,12025,2026-03-06
user113@example.com,18268,2025-10-19
user471@example.com,11707,2025-05-29
user13@example.com,18663,2025-01-17
user38@example.com,10754,2025-03-10
user475@example.com,5543,2025-05-11
user337@example.com,19466,2026-03-21
user202@example.com,10506,2025-04-08
user283@example.com,4141,2025-08-27
user96@example.com,1716,2026-04-16
user216@example.com,8574,2025-03-20
user257@example.com,5448,2026-04-02
user481@example.com,1276,2025-05-17
user101@example.com,3156,2025-07-20
user331@example.com,8302,2026-01-13
user343@example.com,16136,2026-04-29
user201@example.com,12312,2025-09-25
user112@example.com,6106,2026-05-29
user54@example.com,12052,2025-07-29
user87@example.com,7718,2025-02-06
user387@example.com,13289,2026-02-08
user287@example.com,10048,2025-06-24
user271@example.com,859,2026-04-23
user283@example.com,1350,2026-02-02
user169@example.com,4079,2025-04-09
user263@example.com,13456,2025-06-06
user22@example.com,19910,2026-05-10
user445@example.com,9259,2025-08-27
user67@example.com,7035,2025-07-21
user471@example.com,1581,2025-02-06
user394@example.com,14090,2025-05-16
user146@example.com,4177,2025-05-13
user27@example.com,12109,2026-01-14
user345@example.com,12861,2026-05-15
user182@example.com,4348,2025-06-22
user215@example.com,18243,2025-11-06
user223@example.com,10007,2025-03-20
user184@example.com,18882,2025-10-02
user447@example.com,4462,2025-07-29
user23@example.com,11340,2025-01-29
user196@example.com,2623,2026-01-13
user212@example.com,7363,2025-07-24
user353@example.com,5584,2025-12-24
user320@example.com,9682,2024-12-19
user378@example.com,6118,2026-02-23
user368@example.com,4437,2025-02-05
user25@example.com,9422,2024-12-23
user41@example.com,17652,2025-08-19
user421@example.com,19502,2025-12-21
user220@example.com,12996,2025-08-25
user387@example.com,5611,2025-05-30
user390@example.com,18229,2025-05-31
user73@example.com,18130,2025-04-21
user364@example.com,16268,2025-09-30
user105@example.com,18952,2024-12-16
user60@example.com,19121,2025-11-26
user282@example.com,18584,2025-03-30
user141@example.com,11687,2026-02-14
user239@example.com,5541,2026-04-16
user446@example.com,5583,2025-03-12
user448@example.com,2949,2026-01-17
user128@example.com,19182,2025-07-27
user105@example.com,17957,2025-09-14
user373@example.com,14196,2026-05-29
user25@example.com,6857,2026-01-31
user311@example.com,1137,2025-07-10
user209@example.com,17170,2025-11-20
user169@example.com,1689,2026-02-06
user363@example.com,6827,2025-07-02
user367@example.com,14417,2025-09-20
user251@example.com,2822,2025-02-02
user225@example.com,14609,2025-09-07
user481@example.com,16568,2026-04-08
user183@example.com,8647,2025-10-03
user113@example.com,8165,2025-06-14
user367@example.com,15071,2026-04-07
user446@example.com,5357,2025-06-26
user125@example.com,12760,2026-01-11
user341@example.com,15828,2025-01-11
user368@example.com,9260,2025-09-11
user46@example.com,16319,2024-12-15
user466@example.com,8357,2025-05-04
user130@example.com,9801,2025-06-26
user369@example.com,16446,2025-05-15
user309@example.com,2695,2025-02-06
user219@example.com,6479,2026-01-11
user343@example.com,12179,2025-04-04
user149@example.com,9465,2025-12-23
user354@example.com,15237,2026-02-14
user415@example.com,17834,2025-04-26
user415@example.com,5060,2025-06-07
user445@example.com,13034,2025-05-04
user359@example.com,6078,2026-05-09
user488@example.com,4163,2026-02-11
user418@example.com,14075,2024-12-14
user396@example.com,14059,2025-03-02
user102@example.com,16277,2024-12-09
user499@example.com,15951,2025-12-15
user143@example.com,19042,2026-05-11
user220@example.com,3029,2025-06-21
user47@example.com,11002,2026-03-08
user402@example.com,7352,2025-11-02
user210@example.com,1012,2026-05-10
user278@example.com,17602,2025-06-23
user445@example.com,2546,2025-05-25
user440@example.com,10140,2025-09-22
user448@example.com,1693,2026-06-02
user112@example.com,9998,2025-08-24
user338@example.com,6628,2026-05-30
user345@example.com,13615,2025-05-26
user484@example.com,16832,2025-01-19
user319@example.com,8630,2025-02-09
user398@example.com,6397,2025-07-16
user197@example.com,3723,2025-01-07
user329@example.com,1971,2025-01-31
user319@example.com,7642,2025-03-27
user411@example.com,3648,2025-09-08
user449@example.com,14059,2026-02-27
user278@example.com,4899,2026-04-22
user458@example.com,691,2025-11-11
user204@example.com,17635,2025-08-28
user38@example.com,10057,2025-12-04
user230@example.com,16518,2025-10-09
user476@example.com,8207,2025-07-09
user192@example.com,12536,2025-01-10
user220@example.com,13872,2025-11-12
user344@example.com,19410,2025-03-25
user322@example.com,16787,2025-07-27
user175@example.com,14280,2025-08-26
user481@example.com,19108,2025-05-29
user321@example.com,12164,2025-05-10
user261@example.com,3290,2025-11-23
user147@example.com,11297,2025-12-09
user134@example.com,3188,2025-10-09
user441@example.com,19684,2026-02-25
user411@example.com,7684,2026-05-21
user43@example.com,16072,2025-02-02
user75@example.com,8869,2025-04-20
user55@example.com,6495,2024-12-26
user400@example.com,18106,2026-01-03
user388@example.com,5120,2025-08-12
user259@example.com,5424,2026-03-20
user244@example.com,1011,2025-03-03
user379@example.com,8149,2026-02-18
user266@example.com,10490,2025-04-16
user192@example.com,3505,2025-03-08
user257@example.com,1744,2025-11-23
user310@example.com,11809,2025-03-09
user416@example.com,15863,2026-01-31
user316@example.com,10136,2025-04-08
user99@example.com,19281,2026-05-13
user278@example.com,19072,2025-02-20
user8@example.com,19377,2025-02-24
user468@example.com,7124,2026-04-04
user346@example.com,15235,2025-04-19
user166@example.com,18747,2025-04-28
user237@example.com,8833,2026-03-12
user257@example.com,2303,2026-02-22
user64@example.com,5073,2024-12-10
user256@example.com,17538,2025-12-12
user264@example.com,2003,2026-03-15
user131@example.com,14672,2025-02-15
user129@example.com,10420,2025-11-06
user113@example.com,18423,2025-01-06
user52@example.com,5087,2026-02-07
user293@example.com,13747,2025-04-04
user407@example.com,14099,2025-08-28
user216@example.com,13275,2025-05-10
user158@example.com,5437,2025-06-07
user174@example.com,12872,2026-03-01
user84@example.com,13385,2025-04-23
user69@example.com,6961,2025-09-04
user121@example.com,16467,2026-05-22
user477@example.com,12765,2025-06-05
user105@example.com,8958,2025-04-04
user4@example.com,3482,2025-10-23
user209@example.com,6558,2025-09-01
user327@example.com,8360,2025-03-13
user267@example.com,3105,2025-07-11
user17@example.com,16768,2025-12-05
user372@example.com,1440,2026-03-14
user318@example.com,4325,2025-03-17
user199@example.com,5139,2025-10-17
user439@example.com,9730,2026-01-30
user161@example.com,6637,2025-05-06
user213@example.com,6131,2025-01-23
user196@example.com,1623,2025-09-09
user58@example.com,3216,2026-05-30
user497@example.com,7172,2025-01-12
user193@example.com,4701,2025-12-07
user198@example.com,2229,2025-01-29
user189@example.com,7261,2026-02-09
user473@example.com,6187,2025-01-15
user309@example.com,13649,2026-04-15
user432@example.com,15238,2026-01-05
user262@example.com,12343,2025-10-31
user219@example.com,5895,2025-12-24
user109@example.com,6520,2026-01-07
user219@example.com,16510,2025-07-07
user244@example.com,17701,2026-03-14
user79@example.com,13571,2026-04-19
user403@example.com,5383,2025-09-29
user6@example.com,1035,2025-08-24
user170@example.com,10457,2025-10-22
user500@example.com,13905,2025-04-06
user442@example.com,1118,2025-03-14
user374@example.com,7476,2025-12-16
user390@example.com,3871,2026-04-02
user155@example.com,3311,2025-05-13
user485@example.com,674,2025-12-23
user109@example.com,2763,2025-03-18
user270@example.com,9163,2025-03-03
user381@example.com,19408,2025-04-18
user454@example.com,13265,2026-03-28
user66@example.com,16652,2025-01-13
user69@example.com,9318,2025-02-01
user170@example.com,7381,2026-02-15
user498@example.com,10039,2025-08-25
user63@example.com,10861,2025-12-02
user417@example.com,17433,2025-02-28
user37@example.com,10550,2026-06-07
user94@example.com,6918,2025-03-22
user240@example.com,14245,2025-05-31
user321@example.com,1729,2025-08-26
user204@example.com,3308,2026-01-19
user189@example.com,9358,2025-06-11
user285@example.com,2629,2025-03-22
user314@example.com,19651,2025-01-30
user284@example.com,19257,2025-03-26
user62@example.com,9579,2025-03-25
user497@example.com,14409,2025-12-02
user164@example.com,6407,2025-08-06
user288@example.com,11723,2025-03-12
user88@example.com,8162,2026-06-08
user49@example.com,9868,2024-12-12
user225@example.com,13228,2025-05-15
user334@example.com,12580,2025-08-16
user314@example.com,7544,2025-01-26
user125@example.com,10070,2025-09-13
user16@example.com,17011,2025-09-29
user63@example.com,16329,2025-10-22
user474@example.com,12359,2026-01-27
user256@example.com,6122,2025-07-29
user126@example.com,16398,2026-05-27
user487@example.com,3632,2026-04-02
user39@example.com,6867,2025-11-01
user324@example.com,17674,2026-01-20
user403@example.com,9798,2024-12-23
user180@example.com,8714,2025-06-15
user247@example.com,9216,2024-12-31
user445@example.com,898,2025-01-15
user3@example.com,9920,2025-06-16
user296@example.com,15354,2025-05-29
user180@example.com,5950,2025-12-23
user466@example.com,4294,2025-05-03
user59@example.com,18237,2026-05-07
user359@example.com,7052,2025-07-30
user303@example.com,11165,2025-06-06
user130@example.com,3475,2025-12-09
user39@example.com,2944,2025-01-27
user259@example.com,17987,2026-05-28
user47@example.com,10711,2025-04-25
user323@example.com,7539,2026-03-13
user218@example.com,6555,2026-03-11
user146@example.com,13133,2026-04-16
user294@example.com,1830,2025-06-03
user378@example.com,11996,2026-05-25
user356@example.com,13765,2025-05-09
user6@example.com,11590,2024-12-28
user76@example.com,10623,2025-09-15
user24@example.com,17436,2025-10-10
user312@example.com,9485,2026-01-22
user348@example.com,12700,2025-09-13
user97@example.com,6033,2025-06-17
user283@example.com,13484,2025-04-04
user483@example.com,14592,2025-03-11
user18@example.com,10077,2025-09-03
user3@example.com,19754,2026-04-18
user224@example.com,14139,2025-01-30
user379@example.com,4616,2025-06-08
user202@example.com,5441,2025-11-29
user216@example.com,13576,2026-01-17
user444@example.com,19301,2026-01-31
user440@example.com,10874,2024-12-12
user46@example.com,18571,2025-10-06
user219@example.com,11528,2025-11-09
user12@example.com,11364,2026-04-06
user388@example.com,18854,2026-03-27
user84@example.com,4313,2025-04-19
user421@example.com,2884,2026-05-16
user123@example.com,19922,2025-10-25
user435@example.com,1430,2025-04-09
user243@example.com,4325,2026-05-09
user229@example.com,16863,2024-12-28
user151@example.com,14904,2025-03-02
user13@example.com,15870,2025-03-15
user333@example.com,10679,2025-10-12
user19@example.com,13471,2026-04-15
user162@example.com,17188,2025-10-25
user359@example.com,17390,2026-04-30
user273@example.com,17587,2024-12-08
user40@example.com,19919,2026-01-19
user405@example.com,3613,2025-11-15
user375@example.com,5953,2025-10-15
user458@example.com,7227,2025-09-01
user180@example.com,19569,2025-11-17
user167@example.com,2806,2025-07-14
user190@example.com,11024,2025-05-31
user443@example.com,14773,2025-07-02
user419@example.com,2161,2025-07-15
user303@example.com,19685,2026-04-23
user216@example.com,12337,2026-01-24
user448@example.com,1420,2025-01-06
user345@example.com,18786,2025-01-18
user348@example.com,10246,2025-04-17
user399@example.com,15763,2025-03-04
user273@example.com,16140,2026-02-02
user110@example.com,12996,2025-08-29
user3@example.com,13824,2025-10-14
user359@example.com,12127,2025-04-29
user73@example.com,18047,2025-01-04
user451@example.com,18503,2025-12-07
user386@example.com,10190,2025-02-27
user199@example.com,2835,2025-12-06
user478@example.com,13454,2025-01-17
user321@example.com,18593,2024-12-11
user498@example.com,9319,2025-11-26
user216@example.com,8766,2025-05-06
user350@example.com,2927,2026-03-29
user114@example.com,18735,2025-06-25
user229@example.com,1774,2026-04-07
user434@example.com,8487,2026-03-20
user329@example.com,3083,2025-04-01
user323@example.com,15402,2025-01-19
user455@example.com,5886,2025-11-07
user441@example.com,2876,2025-09-18
user361@example.com,1482,2026-01-25
user388@example.com,15339,2025-06-26
user186@example.com,1545,2025-09-17
user36@example.com,8452,2025-06-18
user349@example.com,11313,2025-03-02
user66@example.com,16402,2025-09-14
user96@example.com,5092,2026-02-22
user185@example.com,17170,2026-01-31
user311@example.com,9484,2025-06-05
user55@example.com,15801,2025-12-21
user122@example.com,4441,2025-02-08
user42@example.com,8998,2025-05-22
user153@example.com,13826,2026-04-09
user164@example.com,8118,2025-05-06
user225@example.com,11529,2025-06-03
user89@example.com,10464,2025-06-14
user439@example.com,2049,2025-03-02
user327@example.com,15252,2025-08-19
user428@example.com,7352,2026-03-15
user92@example.com,1582,2026-03-28
user358@example.com,18798,2025-05-03
user18@example.com,7803,2026-03-25
user200@example.com,11343,2025-10-15
user166@example.com,12165,2025-09-12
user246@example.com,3506,2024-12-25
user253@example.com,18832,2025-02-12
user361@example.com,13903,2026-03-03
user413@example.com,14597,2024-12-19
user331@example.com,10664,2025-07-03
user328@example.com,6778,2025-01-04
user233@example.com,8445,2025-12-06
user249@example.com,1422,2026-05-14
user437@example.com,18304,2026-06-03
user116@example.com,15656,2026-05-15
user459@example.com,11745,2025-06-30
user200@example.com,16806,2024-12-22
user118@example.com,1604,2026-06-01
user294@example.com,955,2025-09-07
user120@example.com,11993,2025-02-25
user192@example.com,5093,2025-11-19
user437@example.com,11915,2025-10-13
user77@example.com,5386,2026-03-21
user74@example.com,588,2025-02-15
user465@example.com,5835,2025-06-24
user364@example.com,2451,2025-10-26
user52@example.com,17710,2025-05-26
user173@example.com,7238,2025-11-29
user371@example.com,9109,2025-06-02
user315@example.com,11017,2025-12-20
user306@example.com,1174,2025-09-01
user401@example.com,14671,2025-03-29
user29@example.com,14287,2026-01-20
user411@example.com,798,2025-09-11
user9@example.com,19852,2025-08-03
user109@example.com,15807,2025-08-07
user372@example.com,15658,2024-12-27
user138@example.com,17689,2025-05-30
user272@example.com,4005,2025-04-12
user223@example.com,11239,2026-02-17
user207@example.com,6706,2025-08-15
user222@example.com,18413,2026-04-23
user497@example.com,8414,2025-12-02
user234@example.com,9306,2026-04-13
user441@example.com,18306,2025-07-14
user403@example.com,2587,2026-01-01
user403@example.com,12236,2025-07-20
user92@example.com,7869,2025-04-12
user313@example.com,4073,2025-03-22
user117@example.com,4774,2025-11-01
user299@example.com,16494,2026-02-07
user120@example.com,8784,2026-03-22
user424@example.com,8294,2025-12-14
user214@example.com,18651,2025-12-25
user31@example.com,1294,2025-09-25
user50@example.com,9042,2026-01-04
user413@example.com,4208,2025-02-25
user353@example.com,8267,2025-04-05
user180@example.com,3139,2024-12-21
user9@example.com,9078,2025-03-20
user246@example.com,7374,2026-02-17
user284@example.com,18455,2025-11-15
user371@example.com,16721,2025-08-12
user117@example.com,6917,2025-03-12
user30@example.com,3238,2025-12-10
user289@example.com,11793,2025-09-28
user488@example.com,17585,2025-09-21
user421@example.com,13128,2025-10-02
user77@example.com,17698,2025-12-23
user492@example.com,19359,2025-03-09
user94@example.com,19541,2026-01-31
user137@example.com,6815,2025-10-06
user309@example.com,18866,2025-06-22
user99@example.com,18967,2026-01-08
user419@example.com,5406,2025-04-18
user104@example.com,7220,2026-03-14
user286@example.com,13829,2026-05-02
user438@example.com,11839,2025-03-09
user325@example.com,9659,2026-04-30
user435@example.com,1558,2025-10-20
user89@example.com,19860,2025-11-14
user24@example.com,4266,2025-10-16
user343@example.com,7741,2025-08-23
user306@example.com,12682,2025-11-20
user303@example.com,13697,2025-10-26
user399@example.com,7309,2025-07-28
user128@example.com,4361,2025-01-08
user493@example.com,7042,2026-01-23
user496@example.com,10922,2025-12-25
user367@example.com,11842,2026-03-20
user430@example.com,613,2025-12-12
user198@example.com,15296,2025-03-06
user332@example.com,9294,2026-03-04
user397@example.com,4297,2026-01-30
user31@example.com,15791,2024-12-10
user475@example.com,11357,2025-04-04
user168@example.com,2348,2026-03-26
user314@example.com,14638,2025-06-28
user256@example.com,11058,2025-09-12
user135@example.com,7881,2025-03-04
user224@example.com,11697,2025-02-02
user167@example.com,1931,2026-01-26
user449@example.com,12521,2025-09-21
user271@example.com,5206,2024-12-19
user33@example.com,17321,2026-01-27
user413@example.com,8481,2025-05-20
user378@example.com,947,2025-07-19
user42@example.com,8984,2025-04-24
user388@example.com,6271,2024-12-18
user478@example.com,2390,2025-07-03
user331@example.com,2765,2025-10-18
user34@example.com,14559,2025-12-29
user195@example.com,8580,2025-04-14
user225@example.com,2217,2026-05-06
user46@example.com,10716,2026-02-10
user236@example.com,5256,2025-02-02
user92@example.com,8995,2026-03-17
user482@example.com,7022,2025-05-08
user482@example.com,5762,2025-05-07
user444@example.com,7953,2026-04-21
user9@example.com,8607,2026-04-07
user407@example.com,2173,2026-03-20
user223@example.com,10616,2026-01-06
user79@example.com,12232,2026-01-05
user64@example.com,13599,2026-05-20
user22@example.com,12759,2026-05-20
user432@example.com,2594,2026-03-28
user243@example.com,18501,2025-02-22
user482@example.com,16664,2025-10-16
user280@example.com,4223,2025-11-18
user491@example.com,6637,2025-04-25
user38@example.com,17636,2026-03-10
user40@example.com,6642,2025-10-08
user149@example.com,726,2025-07-02
user490@example.com,9471,2025-03-01
user119@example.com,5757,2025-03-15
user236@example.com,680,2026-05-30
user499@example.com,1597,2026-02-05
user100@example.com,14718,2025-11-02
user258@example.com,19149,2025-04-15
user436@example.com,7548,2025-08-22
user493@example.com,7482,2024-12-31
user498@example.com,9417,2025-10-31
user54@example.com,3904,2026-06-02
user177@example.com,9599,2025-02-03
user420@example.com,17673,2025-01-06
user154@example.com,9718,2025-03-27
user349@example.com,19296,2026-01-25
user316@example.com,6554,2025-09-20
user161@example.com,17629,2026-02-21
user474@example.com,18524,2025-10-31
user320@example.com,7883,2025-03-06
user248@example.com,8707,2026-01-01
user496@example.com,6976,2025-09-07
user220@example.com,13931,2025-07-18
user86@example.com,16605,2025-01-10
user351@example.com,13843,2025-01-21
user178@example.com,12291,2025-03-21
user233@example.com,7202,2025-03-08
user468@example.com,1354,2025-06-10
user390@example.com,5326,2025-09-21
user335@example.com,17370,2025-12-26
user336@example.com,9901,2025-12-20
user74@example.com,3494,2026-05-03
user314@example.com,16721,2024-12-15
user286@example.com,2885,2025-01-22
user177@example.com,19258,2025-12-29
user292@example.com,9505,2024-12-15
user247@example.com,1341,2026-04-27
user25@example.com,11213,2025-03-10
user366@example.com,9704,2026-05-06
user466@example.com,1736,2026-06-02
user192@example.com,13949,2026-02-27
user168@example.com,5882,2025-03-24
user246@example.com,18395,2025-04-30
user274@example.com,17415,2026-01-31
user414@example.com,10981,2025-07-31
user14@example.com,705,2026-02-24
user291@example.com,11182,2025-09-26
user240@example.com,9194,2026-04-13
user440@example.com,5929,2025-03-16
user215@example.com,17141,2025-09-10
user2@example.com,18277,2025-08-29
user464@example.com,6563,2025-08-29
user211@example.com,12620,2026-03-09
user317@example.com,10068,2026-03-11
user354@example.com,4157,2025-04-30
user399@example.com,7111,2025-02-23
user176@example.com,10681,2025-09-19
user60@example.com,5505,2025-01-28
user111@example.com,17767,2026-03-14
user37@example.com,18536,2025-02-20
